x,y,target
-0.9114347909299239,0.6307246776571682,0
1.50867319074999,-0.02050460507634691,1
0.9679924948519397,0.9798644858980572,0
0.5121747696907727,-1.1817863831662903,1
-0.26231300364174504,0.37286410139833165,1
-0.008352966235666281,0.11131076801668095,1
0.41781426106367253,-0.15572110621381252,0
1.3832787234124129,-1.0163690637752267,0
0.2607449684051855,0.8081455538479354,0
0.19138870528276153,0.7695201153884142,0
-0.305870439694405,-0.9391240970677706,0
0.8977319634700098,0.07870193695840257,1
1.863247989180009,0.3695523000894231,1
-0.9955283145576064,1.3895312942440392,1
-1.3588668872055276,0.08694590103728209,1
-0.21653504525213485,0.690088125860337,0
-0.7763386679233866,-1.6086713308235094,0
-0.46924722376039374,-0.7328854532054871,0
0.7937669327263133,-1.652815179734495,1
1.649280536266994,-0.9562779998133971,0
-0.45083257529994214,-2.0032617901276732,1
1.1274032867701043,0.6497512660906632,0
-0.22446839880429748,0.7373028376466514,1
-0.27972800709821666,-0.8534699550423093,1
-1.0746351435962918,-0.2561878446336577,0
0.9610751601222685,-0.5181072238150946,0
0.974976999461369,-0.43605381968207213,1
-0.5287230091671449,-0.6504228255610216,1
0.2756891261525639,-0.9015325892672957,1
-0.600842389473867,0.655711180007509,0
0.2695265680546869,0.3575404169050996,1
0.8815742658219321,-0.7872188835637418,0
-0.8327957021067844,0.03276168468889307,1
-0.6111806967977197,0.5437242782204497,1
-0.002523564269263423,-1.1699907639396046,0
0.5475970877610845,-1.0316026019848847,1
1.40361170833964,0.8911022593719523,1
1.1166088215415675,-0.10540796851707435,1
0.7352630562647116,0.10117391061009103,1
-1.0371852797249679,0.5808485643020158,0
-0.4899760580857539,-0.9052035369391813,0
-0.5187967697095783,-0.21849070015197428,0
0.608872495551337,-1.4534026941540574,1
-0.8373306801278511,0.8184758498757139,0
2.051251020447604,0.7757254441255758,1
-0.46008211286847445,1.7665455630396916,1
0.8974404911730274,0.8250762136178709,0
-0.4043397297165241,-0.1399063976042887,1
-0.037733224479136185,0.8669972859514206,1
-0.8533771003830567,0.4164617732564731,0
0.5950594715680767,1.4032397463228559,1
0.5829498161995039,-0.2284733660894544,1
1.2030243010472277,-0.14365172118596412,1
0.20456761106997462,0.6536675586610234,0
1.8231559666287924,0.2040551406234401,1
-1.0866981745152902,0.6574068405776551,0
-1.3501092376503405,0.41246082319232374,0
-1.0452331019766319,-0.9015820335026259,0
0.6029935325734382,0.8498453103340535,1
-0.3594875021396268,0.13150059965621858,1
0.2435789944060366,0.6798052949412702,0
1.3332126663882398,0.27784993981817296,0
-1.5146349036955251,1.5300146284552087,0
-0.3333164156412999,0.569146460708589,0
-0.48129907372351155,0.533644132402326,1
-1.0723787956755695,0.18179814957951218,0
-0.5895561519356562,-0.6677459302467369,0
-0.6948263096033551,0.9087397032521222,1
-0.23326678505657283,1.2853778637513011,1
-0.955052997123929,1.1178913137296789,1
-0.16162435489910632,-1.524372414399949,1
0.3020136361381661,-0.28939689057240126,0
-1.3681342166282215,-0.07992302640953897,0
-0.15706412917223228,-0.4114524466048748,0
-1.561104879199634,-0.05316718494662376,1
-0.30258633427465437,-0.6880845282788527,1
-0.8551559226986458,-0.6016332959437675,0
0.2107386619308117,-0.9001123283870056,1
-0.36742853232187267,0.4970082294674222,0
0.25837457039536993,0.0664129504563139,1
0.18606641485629297,-0.5201191030684477,0
-0.4983827878491856,-0.8141119386205657,1
0.9286048340100462,0.7697864770441099,0
1.3508131670914485,-0.2581169978518499,0
0.9426670743364733,-0.2111766921587679,1
-0.6306272239349956,0.4156837182254324,1
0.9893550057802181,-0.08857701058023493,1
-0.4656767668138734,0.3122616703881249,1
0.8777035486486261,0.3959099861279823,0
0.6444473551962359,-1.1157668437582697,1
0.6719369364917528,-0.3682916485335216,1
-0.5327886209107817,-1.4449454384521934,0
-1.0039477770875354,-1.1043320030652022,0
0.17556368317634663,1.1935044580713883,0
-0.10295266335580944,-1.2651591524151273,1
1.0607229538897724,-0.30982252122528114,0
-0.3672848901303554,-0.5588257861542102,0
-0.10299074039739957,1.2120934179661993,0
-0.1604260658754037,1.1628877831160098,1
-1.145955296334513,0.737099094639682,1
0.6697533367621528,0.20081133262192896,1
0.32989890862215976,-0.5910673681382714,0
1.592822488787439,0.541670161336619,0
0.8197341834817439,-0.45444364441546425,1
1.158258846535759,0.9030679268907684,0
-0.3055981955063082,-1.4256280879616883,0
-1.025974078478087,0.9777095049368411,1
0.7700975544216705,1.0312833048255476,1
-0.389845735565575,0.7236132003554994,1
0.02159921550958621,0.9893333630404302,0
-0.6249257237361754,-0.3464682669615278,0
-0.863242037722024,0.2619212514791239,0
0.6828144363700894,-0.2706781728282269,1
0.08471917333038825,-0.006721104140821388,1
-1.2051972772383326,0.5121992746631786,1
-0.6145008854710372,-0.5761148196501731,0
0.9330718451493079,-0.29373246553436416,1
0.19768661155527922,1.0604217834158576,1
0.5785855933862656,0.49883805135713877,1
0.4691348823225846,-0.3650010405926193,0
-0.09486082493299719,1.9724973891047253,1
-0.38731626811516295,-0.3774197199112857,1
-0.6551563003342114,-0.5332972413609864,0
0.6215801976126557,-0.012857635675607049,0
-1.107254529590342,1.348062402605732,0
0.18467366173675448,-0.3167149814052205,0
-0.4861660643822421,-1.2037625223205066,1
0.4642181972445061,0.795023140878155,1
-0.12956319738818323,-1.2046935235891016,0
0.9163381855701991,-0.3630049023472934,1
-0.8306868510195182,-0.13438378682566182,1
0.18564782292945398,-0.914308283112761,0
-0.5962206746310302,1.3895285317944455,1
0.6422293906880504,0.2679564087449589,1
-0.09388341649397547,-0.654220455066409,1
-0.5855793653799484,1.1791596209287378,0
-0.8657877909068264,0.21842103557826265,0
-0.963283474451613,0.5925874019500508,1
-0.6638231036542976,0.21024192201773306,1
1.464187310551894,0.5390047571739007,1
-0.7104171743672275,-0.001471319316162123,1
0.09363498018072192,-0.24161285379797398,0
0.8539640551376556,-0.7662656659086743,0
0.06060205436015575,-0.5670148574648641,0
1.041625698932891,-1.7175123931538665,0
-0.7064537303638401,0.6141672100398093,1
-0.7359444777594752,0.09547971252583082,0
1.1318592822837243,0.2400496763385753,0
-1.5168745558452998,-1.1376078082233216,0
0.290193768966875,-2.2295695704195757,0
1.5487379453484889,-0.7457401990520838,1
0.04245328010893859,1.0468081818605866,0
0.23691881104778667,-0.5038919241917924,0
0.6874793653528025,-0.8916059766239206,1
0.8747156062594861,-0.7490793505189381,0
0.14382514037638144,-0.7570609826348722,1
-0.6392089724401562,0.8342952235870078,1
0.05354121878656448,-0.05082249358091506,1
-1.2882804527490985,-1.106423043714373,1
0.45800035767141184,0.3868805811784899,1
0.8004339674007135,-0.34703084429637227,0
0.44410375165506877,-1.2475747900403313,0
-0.01779886991840418,0.35021816374987313,1
-0.9692695852494344,-1.390452464548474,0
-0.8733453465725689,-0.936054180780743,1
-0.120700416529752,-1.580877986919803,0
0.05293005846638623,-1.3946054217378023,0
0.22808172072094846,-0.7695097094166764,1
-0.5989448101286529,-0.9023135186120145,1
0.13859377196693778,0.696730574140655,0
-0.0929800536433307,-0.7984024371270584,1
-2.2476254431717506,-0.6747984344499369,0
1.1474740044510878,-0.3638537396529699,1
-0.36450396237430044,-0.9105354012929818,1
0.9000844698611496,0.7308461668703722,0
-1.5284145117423555,-0.6643039081399426,1
0.3654261049136432,1.1958503043816833,0
-0.986515948436612,-0.1237229763486643,1
0.22603487806928846,0.7238584316075515,1
0.3044865562759553,0.7229379050242878,1
0.5616013234716849,0.7408056241745287,0
1.1403786838476573,-0.2096573982654435,0
-0.9967374901664756,0.8432992203934,0
-1.0236698287641364,-1.226425665058481,0
1.8931834345855447,-0.5161448238418758,0
-0.5827288500661241,-2.5656994192320477,1
0.42979118569936536,-1.2828613220443355,0
0.7117207728386412,0.5660665264337952,1
0.47686812439737364,-0.8485190576942881,0
0.9250406584479506,0.5130440749427828,0
0.257471746184371,0.6969333315279798,0
0.21031891924658971,0.6832131939541877,1
1.1617399788964726,0.20571390705927778,0
-0.6883757090186937,0.4124033520731043,0
0.6527284328317278,1.2695112809603937,0
-0.5060083716303784,0.1380013118363847,1
0.17202447201837756,-0.8009756861080867,0
0.5346242629878301,0.8990184306465124,1
-0.9692481065225678,0.012126516011060073,0
-1.6537732266687155,-0.8675234995168961,0
-0.8786914211053389,-0.526690120934678,1
0.16073144268081446,0.8387503808304881,1
0.9453305906452314,0.8759257602470005,1
0.13209577209969325,-0.8102077020192617,1
-0.8625845565437831,1.376213613601157,1
-1.2335142338842087,0.6395618858266106,0
-0.1913611635344491,0.09602968261033962,0
0.5167557936070539,1.227529260387489,0
-0.21595362866762793,-0.39813868345617776,0
-0.33006239082135796,0.43636087310238775,1
0.609693227757255,0.9587496126486379,0
1.105121692458386,-0.6348759273004988,1
-1.1148964985504575,0.14229189002778864,1
-0.07211983578010062,-1.0319094855133013,0
-1.3001733754265645,0.5531590480429308,1
0.09698984211249723,-1.7373808218616347,0
0.12488711833436077,-1.8178545096045846,0
-0.2468379176226883,0.5961149089726299,1
0.9325879874072365,0.1996642245633164,1
1.375736599401358,0.026592686225519135,1
0.44687101623275305,0.28117866612354875,1
0.8136687424461662,-0.33970794831908296,0
-0.11297706960768672,1.2173481859991475,0
0.9178202890081717,0.6182916280007359,0
1.2691423061181597,-0.199602121918102,0
-0.7861591414514142,1.1554020239051548,0
0.2463676836800533,1.0490632038470615,1
-0.674818751826658,-0.33196557235097757,1
0.3903030416506178,-2.2514697583335814,1
0.333009731326123,0.041654744697111834,1
-0.14078389227918525,0.6750051069168652,0
1.0238598180570848,0.029487926282070698,1
-0.6255477915209174,-1.7852018633752675,0
1.0384635525801198,-0.5564201339423817,0
0.0878771753396145,1.131656489031446,0
-0.7985542134803578,-0.15560901530819193,1
1.2040655833851717,0.15916743550444068,1
-0.8688659858480472,-0.9767235567152129,0
-0.9826593651422104,-0.48164774733774285,0
-0.6303932662646441,-0.7792843084647075,1
0.5098657018555086,0.30234532007445664,1
-0.5599177991998617,0.022277673998734593,0
-0.5192487974876334,0.4363293562339418,1
-1.417684583713661,-0.5771703799374078,1
0.22887443759605502,-1.2675359640496064,1
0.7415272703000098,-0.09068759604308568,0
1.3288070233619815,0.2486337355224581,1
-0.29249851885519595,-0.9451694228073712,0
-0.6577545879783493,-0.3379133281338469,1
-0.7958569426058283,0.11917845776664115,0
1.4205729288370217,0.5220504589953328,0
0.6043697647568443,0.06916965264071034,0
-1.3139019768850253,0.9583150895740635,1
-0.11622626200561226,-0.4699291139562959,0
0.716647412085174,-0.6404110490946178,1
0.19879983921341093,1.7854795192247201,0
0.605664693489865,0.7678355408777902,1
1.130242805669414,1.1145640399331411,1
0.610580227885235,0.6804917429602317,0
-1.5013018125507895,-0.5646561251545488,0
0.11661839130663387,-1.1759114404964688,1
0.3396518151003719,-0.3512535876686436,1
-1.2264262945454636,-0.4865966463963469,1
0.11728393397654235,0.09042865939808895,0
0.35358007329933966,0.13683830852390844,1
0.26998395773191247,-1.7609819479805853,0
-1.1311230554230258,-0.41640339647967756,1
0.8943513915243595,0.13035347607950826,0
0.35980932040448477,-1.5996650893764848,0
0.46493003652418097,-1.4412553919376456,1
0.7298467657834156,0.99013236691083,0
-0.519212875666391,0.5262612383284602,0
0.5676086308199872,0.006435981578804567,0
-0.6918832045664705,-0.24680707569587224,1
-0.8497012383554049,0.322003026892137,1
-0.29040090072083635,-1.462554922781814,0
-0.23305651697931634,0.03473893687853269,0
0.6325659056263593,-0.058284361141885246,0
1.513839186416571,0.11947930909015719,1
0.5991667301915813,1.369675447161768,1
1.3016875141629023,0.6577172566454115,0
0.43755575187704165,1.084469054443521,1
0.8548349513236644,1.2672425309106767,1
0.8675987224694803,-0.6782950043923098,1
0.03283930633393117,-0.41756476661286224,0
1.1179449029581225,0.6079894058207329,0
0.3808043766065024,0.0028122363022411445,1
1.1480973762938966,0.13295428336547832,1
-0.7202560927902724,-0.42610126727440967,1
0.25121811083480855,-0.07953357032386132,1
0.35720806827322377,-0.278330767140656,1
-0.003392875197494871,-0.7334727859583675,0
-0.8243527171131522,-0.6100798907209385,0
-0.29921076072859143,-0.19725541239699224,1
1.0688125168789808,-0.9493534427643321,1
-1.3860660464616528,1.3039208053174733,1
0.6021041560191828,0.8156500087306033,0
0.35427845712617745,1.0242020620063905,0
-0.2937001919814627,-0.9891690334801717,1
-0.1625050310255124,-0.7187681660234501,1
-0.2493599372996937,-0.46765297037020404,0
-0.2719364017619127,-0.8933198428877798,1
1.5848388308347556,0.6381219900551841,0
-0.07765482377276023,-0.5464475675372189,1
0.060880112839840184,-1.307426270248047,0
-0.6464901462231682,-0.15242019384086625,1
-0.21343714873654568,-0.7113978283485958,0
0.05795532572581194,0.8860998115332402,1
-0.09655289905379927,0.19781675645635982,1
-0.22696427284772658,0.46517235831289955,0
-0.36514919536127927,-0.7097114891475831,1
0.3457132050701113,-0.7300685333892057,0
-0.5847631332794014,0.3880102172519783,1
1.1683363566236566,0.8662827735008884,0
0.964146791628562,0.4217358588558946,1
-0.9091851608222957,-0.4792042122457508,1
-0.7476580975340323,-0.38559350863380104,0
-1.757794892230897,-1.239331998555634,0
-0.5870080680487221,0.9845575226950066,1
-0.9871333957366294,-0.08435053172749893,0
-0.42125933495789797,0.2256794140828815,1
0.27337317002790235,0.8227882515075877,0
0.7389322612796758,-0.8143187919090934,0
0.8396669234356957,0.7757009745207254,1
0.3429086889863875,0.7920830057964419,0
-0.6563546921877559,-0.08269845957023958,0
0.9719805204002915,-0.2816613835881265,1
-1.6220491851899195,-0.3328387018321067,1
0.9605069659174406,0.33971539829687314,0
1.0165986028580394,-0.6677783817341695,0
-0.4437945546327048,-0.023137122714361857,1
-0.36150334455599586,-1.1562724145467405,0
0.8063410243617816,0.1435735463384837,0
0.24967279026550596,1.4043668930571866,0
-0.6400047970947265,-1.0478232770585663,1
-0.08073305492463856,-0.4731885520838445,1
-0.4534486412896165,-0.6633739734022213,0
0.03737319257533522,1.4810216496423099,0
0.23407663362160336,-0.1851391534654332,1
-0.6628435036022315,0.49035987417346893,0
1.456017685878213,1.2239173935549514,1
-0.2818761278807882,1.4564776038950906,0
-0.02945823761965982,0.545188311483526,1
0.05197468117661541,-1.1828470425518343,1
-0.026793654949665124,-1.2856542469067298,1
0.058257303762320634,-0.06184255576102382,1
-0.47127779851004015,-0.46840278290927556,1
0.25898334421750957,0.7682344471397023,0
-0.5617882848724347,-0.08200777967459866,0
-0.45843364983662815,-0.6371183862954182,1
0.6299158910417867,0.8742001283621254,0
1.4115619566609026,0.7594132612713413,1
1.6325198453602026,0.1799878258980535,0
0.3865830585791602,0.9449754451330596,1
-0.7643318345662103,1.2603830352588616,0
-0.12108563469698186,0.7107415188685311,1
-0.2530222977253425,-1.1096818271851143,1
0.10104454439062827,-0.7151388718969649,1
-0.1998089515100221,1.4453361428243579,1
0.975785872355929,0.9757098349817538,0
0.7343095469311252,-0.4921004264479352,1
-0.7978373751382425,0.16580784585715191,1
0.34551897832351386,-0.8118583722449094,1
-1.2338088864161667,1.941407995610302,0
0.6449210195066972,-0.29807422038563347,1
-1.8444594533572278,-1.1601585668428778,0
-0.4242037194156293,-0.7206871618698167,1
0.5197545834904401,-0.6446422438471999,1
0.12232342336281254,0.12283616336855725,0
0.17835844174895393,0.8786045702682026,0
-0.37391147026436256,0.3370834714565316,1
-0.02604993787536572,0.9298241005188281,1
0.8876041589901495,-0.4105861476178662,1
-0.36400478108884515,-1.248970281590904,1
-0.9523159612891409,1.2142697700984435,0
0.9302922526372215,-0.35781373688946294,0
-0.3987794969531791,1.740565601474529,0
0.6163049405388473,1.434814008174317,1
0.349023665708573,-0.37194320403336534,1
-1.0880014024162807,-0.8605126587875074,1
0.29480686740032486,-0.7385857212042726,0
-0.04861555344396298,-0.3465587304336897,1
-0.04425363764406576,0.0759958797994833,1
0.550505376898246,0.4265396747907432,1
1.038038161237009,0.327811433156327,0
-1.2556998882804187,0.21714417103367162,1
-0.6413692945787673,0.17733882693428915,1
0.7223880725281674,-1.1387001108846844,1
-0.808392021091994,-0.755827726564167,0
1.6107211484558355,0.6412560778293505,1
-0.16942159804955015,0.9061818629093699,1
-0.4737302231455099,0.11700932196346003,1
-0.6902227218722816,0.44752821162450473,0
-0.8539153649688841,0.5510353152314679,0
1.3447979377186416,-0.6280891088624351,1
-0.26701431956546967,-0.8828586104467651,1
1.2655859642108604,-0.5986922662082561,0
0.7966888496202907,1.3930021487885442,0
-0.15748563813785887,0.5994558182232602,1
0.572494235354825,-0.963054489505009,0
-1.1327671812975808,-0.9649007718440785,1
-0.461618153348585,-1.2947315613709915,0
-0.5456100679749176,0.6385237371186769,1
0.9739070000622967,-0.8857337985714829,1
0.8840090787537209,-0.12462477841102848,1
0.005764889205137236,-0.9759937365968824,1
0.7370833708255826,-0.4840156011885456,1
0.018146455976381315,-0.20110355563655252,0
-0.4239760766259592,-0.36809352527793204,1
-1.5317925611973031,-0.13316951901019664,0
-1.2656250307522503,-0.6728968657262695,0
0.39735522821334535,1.2005224086721027,1
-0.7917901737752828,0.10084035355946774,0
-0.38428096624846697,0.8646238648273165,1
-0.328534039706277,1.438419160609081,1
-1.8216362073009735,0.934274842317163,0
0.5021372564034223,-0.8084997052412366,1
-0.7296635079285437,1.2085260180108313,1
0.22704719747633928,-0.7874851158270147,1
0.11986533129981614,0.3003585132665047,1
0.36743134771208097,1.1968080545609063,0
0.723992977553344,-0.8763164055780812,1
-1.5459818694260326,-0.6173993769970157,0
-0.14122431306106953,0.3056479614638838,1
-0.48905826528601914,1.3791387070585244,1
0.4670120961358524,-1.4919254769951966,0
-1.0768615441797673,-0.1586484144553728,1
0.22672717392094455,-0.25442698408516295,0
1.4878011843846082,-0.0014454610314012448,1
0.7356434665963691,-0.7080323033955864,1
-0.4704688245598816,0.30434649631742955,1
-0.5416825570025269,0.2168903302006681,1
-0.7515716360227628,1.1618306093294348,0
-1.2324528916835762,0.3610509835457224,1
0.6694879896812541,-1.2034678039407216,0
1.7296071535337667,0.8884334202407407,0
0.3707079348858129,0.40346325658634263,1
-0.7789996463920634,0.2232788353604263,1
-0.26447665687296107,-1.2833444066344346,0
0.6391564676322061,0.43164552814048246,0
-0.7696104271009601,-1.3799981911441563,0
-0.6684202649293813,-0.9637351444821585,0
0.28071502103872564,-0.5523828155957196,1
1.8904412314463737,0.31610474860271615,1
-0.43429392822201973,1.0922884106677493,0
-0.3826613623842894,0.2786763245851125,1
0.5933862866077007,0.5040817037539295,0
-0.15906875156999944,0.149815957615615,0
-0.44326716338208727,-1.0559710185506825,1
0.7771403175960292,-0.09029250940413994,0
-0.9334493377933604,0.9178035996604264,0
-0.9832752103378932,1.20068425474939,0
-0.7138876210501753,-0.6149959691164222,0
0.10092871774713352,1.0530482462196709,0
-0.8043742947107992,0.10205926420229713,1
0.734102222809345,1.5296950334030108,0
-0.0008394029469489528,0.4094598419785719,1
-0.8231609289083,0.5068619772787814,0
0.47674860533923347,0.12970046482510755,0
-0.7965123221235251,-0.5158632406295456,0
-1.1535097580089408,-0.27703994328584775,0
0.8185208230365719,0.043786364385357934,0
-1.39851315284956,-0.7372134729161418,1
-0.5849717559688727,-0.8979106800419265,0
0.4452417572036589,0.5940735526245541,0
0.7982094866429432,0.6477137668194187,0
-0.16087496993776718,-0.9172804724736799,1
-0.03464210017058232,-0.500479269394922,1
-0.11217100410934261,0.968841996576083,0
0.5051034348208904,-0.17610812421761046,0
0.3823387876254061,1.302779685357749,0
-0.5697628443065672,-0.4016042330002786,0
-0.572835408278912,-0.17369892125029096,1
0.04184609810121001,0.7712566433746997,1
-0.55926938697947,-0.6093516930542437,1
-2.0193297764644695,-0.1444674829138542,0
1.265866501975688,-0.3299295943005585,1
-0.07228864667627566,0.7002139367931959,1
-0.8590768873948893,-1.0063057725386542,0
0.3442165007360081,0.513693194478771,0
-1.0589561320812628,-0.3325974627754017,1
-1.3777844812887492,-0.6402359381986756,0
0.7292176535971903,0.941186480851114,0
-0.0396103231833494,0.7089570051744052,0
-0.9114720551897372,0.1346218489834351,1
-0.8128101583566176,-0.37530560718085293,0
-0.02682409050382628,-1.0739591706639853,1
0.22822112660616423,-0.2620193268658938,0
-0.03903496451516708,0.35437171530912137,0
0.21373711780078686,0.42921831101664765,1
-1.3409642618544275,0.30166003695917853,0
1.5257815314470815,-0.082926147901904,0
-0.8881254475652749,-0.40117886260226365,0
0.007667293387211671,1.3743063699940719,0
0.06816342116866647,-1.38753301786698,0
-1.2237915678059308,-0.23907829990823704,0
-0.5368447893310813,-0.12486008005524829,1
-0.07341228676568728,0.8512779891487322,0
-1.3240776467958808,0.8906742749645762,0
0.32519075489041693,1.0108090363381774,1
0.8792845247244148,-0.5424990929996314,0
-0.11076453619293974,1.7066567000653783,0
-1.1168610835602393,0.2170423773820137,0
-0.9372716082049599,1.5218998289405572,0
-0.2928372360752473,0.1390677678122043,0
1.6138632816957452,0.26341222650759,0
0.06813468713646235,-2.2405932387030165,0
1.0862030028406047,-1.510013567691607,0
0.3113927020612082,0.8268620307221357,0
0.43715424448558443,0.9771106709329787,1
0.052164998918723116,0.49583924192683093,0
-0.317990103440973,-0.3374360012361888,1
-0.7972868673148303,0.04173372047918669,1
0.8884640516381612,0.03628741360488674,1
-0.4138137312574014,-0.9330896563162387,0
-0.33461010803987845,1.2552792142777585,1
0.3698695652691199,1.2629071145426387,1
0.5658927964488856,-0.28969655779817,1
0.05310368693330911,-0.8894211865467876,1
0.7398499366939089,-0.542507651755404,0
-0.12861880043880886,1.4877397465407447,0
-0.2625548836464041,1.0578872774100192,0
-0.37495562906414864,-1.157636514751279,0
-0.6393715636566653,-0.5384907924285928,1
-0.2454612017402833,0.5894382780130768,1
-0.195374673725062,0.7490976154214404,0
-0.39524358525730674,0.5322925511959159,1
-0.465139103281939,-0.6447590485113535,0
1.0456940063335747,0.377720462108971,1
0.22091663494533337,-0.8054952024166344,1
-1.0014779335283441,-1.2996451683525694,0
-0.030146354098201544,-0.9412533610898911,0
-0.22588304457549035,-1.2724175627864773,1
-0.7204263596966207,1.5469908340688594,0
-1.1034549413838342,1.09179605869961,0
-0.5264790194090274,0.7237251757621697,1
0.30155846864972125,-1.669552099825883,1
-0.3417797347778863,-0.3508047740193343,1
-0.004422816977970756,1.1038036539605063,0
0.43145532020775107,0.055861748653582066,1
0.484805117066571,-1.174150809490555,0
-0.7523170940143425,-0.13814770215132532,0
-1.1548800957494347,-0.26265974574467776,1
2.0816203668964146,-0.18959472625703838,1
-0.27640755084852875,-0.35384833539467303,0
-0.4144389220407464,-1.3360729896134191,0
0.5912471483247267,0.18838509131493753,1
0.5191959707604522,-0.40211097315837163,0
0.991734203154836,0.3411894389674396,0
-0.3622909193384384,0.14685981205434973,0
0.5277684428668206,0.903878314700905,0
-0.6049549620989191,0.4524093728478748,1
0.6359514520239906,0.1712051494074019,1
-0.37974587180553976,1.4271204332488394,1
0.21899618968989776,-0.8871781792981837,1
0.7250288777020074,-1.3373922263882192,0
1.8534965859384847,1.4372151889782465,1
-0.25294302373295974,0.8306419465523199,0
-0.10481039415499827,-0.9939825070241952,1
-0.9874274482060077,0.5836168654972878,0
-0.09542942182949177,0.5908719299055446,1
0.02719708230498008,0.2449879892050314,1
0.19840865740929725,0.28672082513684927,1
0.2123440568573297,0.07577606618086982,1
-0.9494295003409752,-0.5344773118324284,0
1.0619581004109437,-1.3736734606591439,1
0.9798151459976389,0.2568999030991714,0
-0.14942899381648445,0.1208968810990782,0
0.1122532260559238,0.8290082674600731,1
0.578965387244565,1.4737073119507609,1
1.579074973132242,-0.6161973114459773,0
0.5141611023034192,-0.2352298189499175,1
-0.0471755810832824,-0.4957990188704065,1
-0.5026674044644721,-0.2247516833725418,1
0.5054712469630086,0.09956131624028086,0
-1.0200244538382548,0.971630248706925,0
-0.40672522381883613,-1.0226261089526378,0
0.5091450966782727,-0.19351469041697647,1
-0.26928198143697035,-0.8366405918646806,0
0.03879997193182527,0.9792137875875375,0
1.0402674631456688,-0.1941863613240954,1
0.6870300836355326,0.4539894435850439,0
-0.9515887361139046,-0.02107309482405939,0
-0.5815231730018426,0.40331857575710706,1
1.2279142004303978,-0.7158507581978453,0
-0.9297537143973017,0.13230296193853186,0
-1.4485663549489156,1.2922347527506974,0
0.44920332115263395,0.3040531853279173,1
-0.8464046902937598,-1.0013367276356993,1
-1.1214864289916497,1.1524170138751422,1
-0.26000604965186835,0.07954125463374728,1
-0.2387620179215443,-0.9736068550810434,0
-1.215987844491464,-0.18375903500817908,0
-0.9234777864395582,-0.4804965545336414,1
1.401957632767008,-1.206270522861315,0
0.45288000731260075,0.5089071386071022,0
0.02509592860348714,0.8646645429217238,0
0.2818618709613167,-0.7544460843412033,1
-0.8506652035361038,-0.833456821191848,1
-0.4072250631704565,-0.2903542401075128,0
1.2076732754461832,-0.8940354698878306,1
-0.7121764944523858,1.3052605243340083,1
0.09770028858977708,0.7749450983338306,0
-1.1878751396140155,-0.517677520008606,0
0.9028846108140356,-0.9983383177503037,1
-0.7382578061119547,-0.3968173818532287,1
0.4200008688103029,-0.8982468861449204,0
1.121180759745159,-0.559956148449537,0
-0.3176591708438422,-0.7010220602461252,0
-0.9970641131982325,-1.009532634005644,0
0.9692806458613166,-0.2378978430284787,0
-0.07675777876608525,0.06407228093812684,1
-0.41455713756761314,1.3554204193336048,1
-0.3459587279359261,0.701049817735278,1
0.8520588244907187,-0.87533495285936,1
-0.007579115420811244,1.0990235887058528,0
0.3234258913543586,1.062044455155239,1
-1.6050416211108613,-0.5821045042527317,0
-0.43098650029566776,1.226634826096303,0
-1.3689876616687555,0.2810576898134343,0
-0.6483541544846225,-2.0923329376721838,1
1.1964100695505664,0.4025143569119823,1
-0.4559855191913124,-1.0040140353529667,1
0.67241901539251,-1.1094118664068144,0
0.6767510600636659,0.456559983589367,1
0.5405759732303803,-0.11769631168166739,1
-0.6351416941017242,-1.7455794592579181,1
-1.3574132773688568,-0.3130774408591188,1
-0.8295028857398163,0.7371995973322419,0
0.4413567742640612,0.5754468046746549,0
-0.7632054702726527,-0.17368954692775468,0
-0.3431637427082383,0.6688204659037397,1
0.48438421725542924,-0.8020064162114088,1
2.096236922978563,-0.021540253040679386,0
0.6977634808131911,-0.9792811715378009,0
0.270683434988766,0.39427956992070184,1
-0.2735197075482115,0.4541301938325881,1
0.5427357416950975,-1.4896711289657052,0
0.43947458456186433,0.7434428766735683,0
0.3645697719846739,-1.4884354831755018,1
0.7661568140664486,0.8514332263983362,0
-0.07640378302549267,-1.2344834370266424,0
1.547075324490344,-0.20296824146978282,0
-0.4240088880989495,-1.3103013531819123,1
-0.46883188533460696,-0.0076899138620068475,1
-0.5836055376046305,-0.3197817535179475,0
-0.6228925668101215,-0.8747306969176651,0
-0.6154255636477577,-0.5851800960235749,1
0.702659491786979,1.2175558047093646,0
-0.1944177719036254,1.0474462731541507,1
-1.2591963536132473,0.04938983321143925,1
0.24175747650696366,-0.3935378382325004,1
1.0911751294742889,-1.041054451907044,0
-0.20767506228580657,0.3664225783036461,1
-0.6485371129951415,-0.8959259513364619,0
-1.2704738541412515,-0.10320321426794399,0
-0.3670686422620464,-0.17116536342912433,0
0.7706542619800821,0.23342691074330602,0
1.1518420317317357,0.07583819613106951,1
1.1831919963634854,1.3467856818851862,0
0.5173906075173602,0.4947288481484052,1
-0.9122905649791813,0.7472596082415589,0
-1.0469558801596879,1.2541152022850834,1
0.0669301300256796,0.510063752604449,0
0.9950666228457898,-0.7091295882429945,1
1.2789612227426237,0.5509101067819634,1
-1.2086191164061948,0.28287138231917996,0
-0.6388717040503714,-0.5683777972786224,1
1.2980278176361326,0.09402360230214854,1
-0.1114838918593073,-1.2098264161624124,0
-0.7399389201401751,0.17165058497636443,0
-0.10812143283210773,-1.1291323671417954,1
-0.4923586824282463,-0.9320887544359436,1
1.6960606235048066,0.5524110628979805,0
-0.4976430338842413,-0.13268339022358666,1
0.15712785973672416,-1.2788567134846471,0
1.7006383891384211,-1.2089495837788682,1
1.6409232732797698,1.1876529623927996,0
0.13207772884528937,1.1617286795905672,1
-1.145632619350245,-0.114907298446698,0
-1.0347758303557573,-0.5377990433040056,1
0.45582015394987163,0.4015697959984837,1
-0.7093452243238104,0.08553529131672491,0
-0.2612284400003997,1.0727776674213825,1
0.5198259234390892,1.0034980022106026,0
-0.18358854177155015,-0.3947446615924398,0
0.6995965940171803,-0.08970803806647434,0
-0.19251409355334193,-0.12426173190749212,1
-0.9678026445259644,0.17429135910638838,1
1.491150100033584,-0.07573518477591523,0
-0.4652304855420113,-0.9447812297114906,0
-0.6179432254701841,1.651153114762331,1
-0.21553543363512706,-0.2598211653316199,1
-0.4104672455080615,-0.6838210526049575,0
1.1099588134158318,-0.4839388872286077,1
-0.49366571254069525,-0.4008101770458765,1
1.7134586800576364,-0.31805842242976146,1
-0.9994460699877439,-0.48244796996352457,1
-0.4336947799520492,1.5779149380203683,0
-0.684723326428645,0.23055876293858313,1
0.0069916512080348825,1.2964007046102004,1
-0.05173232599825622,0.48947983752461616,1
-0.3120628059900795,0.7225114221827191,1
-0.6131010743739058,0.41351074372449126,1
0.6245256599995002,-1.2222998472861621,1
0.8403980814610046,0.6619845628368648,0
0.40832415565898517,-0.48337190449413575,1
-1.6900123522649402,-0.34088557536809266,0
0.6028119111093507,0.5542373373372118,1
-0.6640006555859341,0.38857058493201513,1
0.4700242544418271,1.4524573761103405,0
-1.4461313099535433,0.665087149648526,0
1.3897260603674082,0.26642325212207896,0
-0.35473314470495265,-0.956058780795887,0
-0.053819489250487,-1.5318068256530366,0
0.07307279130517486,0.29474632927336075,1
-0.6202848912414396,-0.4849746869252365,1
-1.4285160264872947,0.9794136660251249,1
0.12098804005923458,0.6141642673472711,1
0.9129434953208564,-0.8519753246234302,1
1.2829858589181495,-0.34540410407120675,1
0.7026251074444356,-0.2214230225958556,0
0.5368616655940716,1.155755895970389,0
-0.3658933407587871,0.08640215656202699,0
-0.7752916466295544,-1.007079156994911,1
-0.0157951246727695,-0.8896358697127079,0
0.24341236106576664,1.3076475739574658,0
2.196413251332472,0.03669563643558668,0
0.7255044986524908,-0.6472563579564199,0
-0.5231482981991726,0.628562693016542,1
-0.7554505530713952,-0.5671790490542894,1
-1.1789830664991423,0.059959610414000226,0
0.7487321763767631,1.2999377014063196,1
-0.7035439472626326,0.1920355049552055,1
1.2127754830518374,0.46626365325312447,0
1.1124681626513588,0.21085963815005584,1
0.2188966939883316,-1.2436144092191008,0
0.7701962491251528,-0.519165542434665,1
-0.8027866421965483,-0.4801194774662971,1
0.966343233903336,0.1441657566776307,0
-0.3877558101292513,-1.8983331025620465,0
-0.35077315147156496,1.2187231082122323,0
-0.8361618494903278,0.2795114801536126,0
-1.0032099381801591,0.8242633331034761,1
0.25753632637429075,1.0865280463127258,0
-1.5206849802749518,0.44890520523382416,0
-0.6034570595472593,-0.2849978751880202,1
0.32445988558460864,-0.11345472759082798,1
-1.019220051478133,-1.1689930187656998,0
0.40814572649542147,0.22131321863524217,1
-1.0211088838373903,-0.8116434298414762,0
-0.5162927884479865,0.8624622144307508,0
0.8516268166465675,-0.6496259668050043,0
0.8163648981455556,0.4904138402929311,1
0.5087059527999962,-0.46433311518646275,1
-1.4272904671870936,0.1761277888437377,0
-0.1447411078245069,0.948484997073834,1
-1.0177898579857223,-0.3832389556376531,0
0.33065992201849304,0.46820567319278605,0
0.6610026282466563,-0.024147718149695074,1
0.15519201751090617,0.6246490204182178,1
0.13256483617631792,1.0123421681521645,1
-0.9886407434966615,0.49939465659843196,0
0.7695738668534744,-1.1122907744016475,1
-1.3976795590971793,0.5735161913998719,0
-0.18983573578428292,0.5004908735192751,0
-0.5570342597349314,0.4639280638311731,0
0.738050297442027,-0.52050724181492,0
0.08131319989352548,0.5975869955099962,1
2.4515685000247553,-0.7295100271133086,0
-1.5086629364020716,1.5350738972659945,0
0.34934698707296874,-0.2266468993736811,1
0.4615260742944971,0.5184640724909162,0
-0.5589653536706627,0.5931452907569577,1
-0.36256273134893213,1.0483393831370478,1
1.2806230672911838,1.2768872697746216,0
1.2128719996332666,0.3976183333941509,0
1.0780915808644713,1.7600441697322422,1
0.06112569324411207,1.4645165883694846,1
1.3548098328523577,-0.28962088127382457,0
0.31691443761364907,-0.6656401997695085,0
-0.5975174630585863,0.7187041157281907,1
-0.9417309248051012,0.6536067473616448,1
-1.1453068115074247,-0.334101641681505,1
-0.019766495717852828,0.7168076684363466,1
0.7066446221152629,-1.011443857246113,0
-1.01320428698326,-1.223842901868252,1
0.8013640486044523,-0.7339526131981091,0
-0.6272361825924673,-0.15516350150196534,0
-1.206152196703176,0.9460846456814023,0
-0.2970925996275605,-0.33873508371992334,1
-0.26391777653006043,0.9808503132164548,0
0.16989887193643105,-0.828075612874329,0
-1.2399708334508217,-0.14599198886173198,0
-0.009263928953958611,-0.7757741617114402,1
-0.7593413877208307,1.1361689361199354,0
-0.16063057102014827,-0.11981925088029621,1
-0.08919976521000778,1.0573806003305686,0
-0.3737807995932354,1.7146600577927131,0
-1.9173744078524655,-0.9755868421558904,1
0.16183411770809908,0.9652155264648361,0
0.46911265196692653,0.37384514074153286,0
-0.07912117919410988,0.020650081268904247,1
0.8461893639771167,-0.17475544531886877,1
0.2561330638441916,0.8709462921296112,1
-0.6800464796578874,-0.35926418879666433,0
-1.064314834909955,-1.1625075120148671,0
-0.357112275254475,-0.5267661269676875,1
0.10174066653658012,-1.2276152984071111,1
0.8083468068792258,0.4359627233160206,0
-0.01947577696306286,-1.1827237796431358,1
-0.5039330115577046,0.6063153929525774,1
-0.36656006345385306,-0.9473779802704572,0
0.5822006549394984,1.101951882844016,0
0.7524316118988496,-0.005608181588113367,0
-1.0192338575010682,1.5276407483119634,0
-0.6977334502448822,-0.8711108888626798,0
-1.5580991479368835,-1.0837975892778144,0
-0.7423255048199738,-0.847322609638962,0
-0.8246618000521339,-0.612254728696738,1
-0.3115471886348508,1.8498824645909213,0
1.3203362439980841,0.08585862988960269,1
1.0609099925915217,0.6659430984692768,0
0.8120749643703231,0.023766010803193516,0
-0.11124523106624717,-0.5412880332399349,0
0.8614634521951083,-0.4625742608887234,1
0.4784415907812566,-0.8426020614833079,0
-0.5786969287819281,0.8205435600505111,0
0.29495141648433076,1.2769021882845886,0
0.9735019662158733,1.3747328554773788,0
0.2208049018197586,-0.3429335809845372,1
-0.8688239742725004,1.0421995332787404,0
-0.6317955535274251,1.3500590359456806,0
-0.4110777572172953,-1.0147436583612797,0
0.47712178213135015,-0.06300690518896335,1
2.0188228906109895,0.46035083401045057,0
0.8443622416880107,1.4826028707681083,0
0.7177496403107397,0.8800251864599423,0
-0.5600852262721295,-0.7505493051651516,1
0.37471840622419256,0.5916951219933693,1
0.002583662969973033,-0.8119779343863829,1
0.16576660521432948,-1.506112333430731,1
-0.9936214564987919,-0.4179476605949102,1
1.2101220069714056,-0.06678332022517583,1
-0.5612471673973563,-1.2849525215339648,0
-0.5703777773848385,-0.8602324754655508,0
0.3516996899488841,0.0636072682677571,1
0.08747185771551913,0.5721439638803179,0
1.0027486547135458,0.39295460223952894,0
0.6877332226907115,-0.6493331685739008,0
0.8194119953835362,-0.9023110099205977,0
1.0457188120449996,-0.6521730079046654,1
0.7436524962401172,0.15704176698131822,0
-0.6528301579566197,0.588532020736144,0
0.23418762750352212,1.1615670960317674,1
-0.10734107434884099,0.4104202698185646,0
0.3393725033017009,-0.47299484436946615,0
0.7563217675650593,-0.5668325773590286,1
-0.7860196314965169,0.4845438194142947,0
-0.34272943376697207,2.3333969007320614,0
1.4079357358686844,-1.288448919278756,1
-0.9383392428487306,0.7490523160651983,0
0.11456386314047029,-0.2122289902499456,1
-0.6962792220302451,0.38685623802156455,1
-0.3146729882021709,-0.1675968115443891,1
0.4655743134966326,-0.11264404317619159,1
-0.7130168576309741,0.3356689319220639,1
-0.2649515892870696,-0.8081276728811615,1
-0.4084917215059668,-0.5040898532805969,1
-0.29206133135043677,-1.0161120084878106,0
0.4735232131803804,-0.2967506933707164,1
0.6316421635820278,-0.19467075609909762,1
-0.22999556449729264,-0.14690226587640925,0
-1.289346790855368,-0.4284001473744666,1
-0.7570562691643081,0.4920517088811064,0
-0.3537699887272669,0.6418628971320303,0
-0.09327160352959404,1.426277604828531,1
1.8627419779040788,-0.24184397576323904,0
0.0703937037952582,-1.5008542226337473,1
0.895646362443246,0.01827798993956919,1
-0.3431338092593375,0.5422546613336287,1
-0.49885622244903727,-0.7999827690483481,1
-0.5810517759334939,-1.2649819815388395,0
0.8782994322560139,0.026575113761084013,0
0.6096247676458709,0.19284177290294183,1
0.661937700814664,-0.9684819890968422,1
0.1267309720139696,-0.47489190477903614,1
-0.6320353430993442,0.8160329285198517,0
-0.1569719111731782,-0.35218788813224045,1
0.7713576174589599,-0.5289217796695096,0
2.2360296484423157,-0.8168665821004739,1
-0.8796902271850263,0.08261388289266916,1
0.15024297138371256,-0.3720180748090917,0
1.0380909865409786,0.885980416905365,0
1.0742418938761948,0.43104136251431785,0
-1.5751151038435107,-0.4670065467035757,0
1.5409571578085317,-1.2398893484488611,0
-0.37631525406509747,-2.002538482374231,0
0.5703662268942813,-0.23435718634125774,1
1.2214044443137473,1.2280590235684652,0
-0.41874200353011126,-0.15146163899294762,1
0.9544694035498946,-0.1292628081805166,0
-0.8008142436196226,-0.30861925509751165,0
-1.3443582096758904,-0.587826425983935,1
-0.09659225021889922,1.3195284950698698,0
0.7678012509005403,-0.179670931722954,1
0.8164116314708616,-0.12269142614614253,0
0.40640484572963476,-0.41845570170273627,1
0.3749589428995087,-0.8942508491079296,0
-0.4448203393798952,-0.8012369409626069,0
-0.35249852521938985,0.4839009738358284,1
-0.27138676057110844,-0.8989464529497981,1
0.0689343701736638,-0.8764875373319136,1
0.03449622598186933,0.9317761686352563,0
1.3683724619421036,0.035475011285749314,0
0.3941922914659228,1.0217581821951325,1
0.480968524252911,0.35147571066097405,0
0.2801011945634546,-0.7866529266926503,1
0.3126674099924588,-0.15553592177948783,0
-0.009906979778316116,-1.2588060293418795,0
0.737975871166629,-0.11778028106407856,1
-0.4429022881265736,-0.39043587524898316,0
-0.9198578583125885,0.41263313406459334,1
0.38304092693414726,0.21712697094311362,1
0.7988962862938289,-0.3350392086623663,1
-0.4520283024123301,0.16854657319543415,1
-1.243718972621342,0.960027507555385,0
0.9524413330244563,-1.0519883840196478,0
-0.7883107808218249,1.1815342531376298,0
0.4633592195872319,1.8825512900641819,1
-0.9304335954907118,-0.36564086496555764,1
0.48239158379150815,-0.34377938318261586,1
0.5271776275563416,0.44523772509235826,1
-0.550484455253487,-0.37511931712291396,0
-0.6486563940466468,0.03535117995252435,0
0.07799667871164051,-0.5381630058847272,0
-0.8239943456911683,0.6264478614105045,1
0.688285867389108,-0.27201373096906745,1
-0.07506931659196342,-1.6004038045730002,0
0.544898075416475,-1.4486930894599601,0
1.0678407164140202,1.5960525341149412,0
0.2145172001609032,0.9918431021178717,1
-1.1328986382299648,-0.5242048978071905,1
0.6693839887100521,0.8698427855914904,1
0.6602691066218666,-0.21227334835424172,0
-1.1736157151100632,-0.49497984178163407,0
0.21559851761200155,-0.819871426058219,0
1.1635014712858407,-0.335338325130012,1
-0.6993305898299895,-0.6844616481069453,0
1.2629604430731778,-1.2074621385973772,0
-0.11196058414205579,0.7277725719727606,0
-0.5005725510758302,0.8234350445863816,0
-0.7339708739085768,-1.3021131450157486,0
0.7251112291120574,-0.1291227869973618,1
0.3999870189961932,1.399746235547989,0
-0.6415172901221634,0.7125492400028919,1
-1.0924091634407131,-1.3188048131713441,0
0.6075215655952498,0.6610474142437945,1
0.32249824733536636,0.9429546089079167,1
0.6068744409732607,-0.33217303657783864,0
0.3775912957702563,-0.25641958843298046,0
0.8152562012075605,-0.6625186336939368,0
-0.7220297377460716,-0.5591639282219512,1
0.20173902108212538,0.3762480199210842,1
-0.41282125652991764,0.40694365269397387,0
0.9132040092642055,0.755186685434253,0
-1.1468821220610326,-0.2522623372964278,0
0.12265441392934884,0.38518905664216563,1
0.5942303226205923,-0.08716321649652822,1
-0.21392670403374528,-0.6507266887032376,1
-0.21035573920100303,-0.24582834235387757,1
0.23565632447401008,0.24511582974207755,1
0.48165022151968134,-0.3576845597985516,1
0.2509532764532384,0.8575262728485957,1
1.0781909226619484,-0.01185755255236165,1
0.5790153809785832,-1.0820098905230837,0
1.0882876978927865,-0.5976623639862487,1
-0.0875213552671539,1.3842300928387612,0
-0.41262516846955455,1.0581939175452764,1
0.492169939352851,-0.8335631326474121,1
-0.13301616711154574,0.8074284438522874,0
-1.2354139647811753,1.1806391929549007,1
-0.6266793113114258,-0.9271398657628798,1
-0.767682626672405,-0.24301575057677044,1
0.9811097229393724,-0.8400439508126369,1
0.5682563884884961,1.177465280803073,1
-0.5781508039910798,0.9273302368755215,1
0.43299453828797696,1.3776712317117032,0
-0.1107648957549825,-0.2999272274014879,0
-0.656676914925623,0.2963657117470433,1
1.2636187539388244,-0.7390801413522653,1
0.42991219713542067,2.0433326192957075,0
-0.20878363651607112,0.6663561973548928,1
0.2698159195282081,-0.30826800556706463,1
0.12142537360297467,1.6710312431198702,0
0.962063969842653,1.4415208821782364,1
-0.9424926431963409,0.19198653387690978,0
-0.49609032877260395,1.73415839096922,0
0.20169280397517286,-0.946509586232483,1
0.23159548281319017,-1.048471671856258,0
