x,y,z,target
12.042103362617906,20.675110954896468,-5.434127454220708,12.129306934720573
-0.32293397257758744,17.110647884279125,7.9922901084300175,7.869004144097155
-0.5485834163364882,10.478498515381078,7.815340784785079,7.864049821784609
-4.888703871433528,12.758781271955472,6.839150669733473,8.509591396647167
3.1245763300216205,18.773420893713656,-5.4645517399917685,5.298964080619257
0.046869771308045816,12.836341732076942,-11.2939380448964,10.909512442085008
4.43672330875209,16.520052892142697,12.01515096082513,13.824724611277679
1.08351963844625,14.066702276941015,7.552334472844721,7.644526270920101
6.081645119893476,8.817019270359838,12.08717306697562,13.614795653617337
1.641930762827298,2.044877399384559,-4.777322609439098,5.044614826087347
10.425917959190539,14.459317695481726,6.958381488831619,13.100602466405817
-9.658481362793863,10.097864373993977,1.4103462451278772,9.240930706853066
4.800429384329024,2.0411311143346644,-3.263491244042976,5.749083057069216
6.0004576832922805,10.545636693818697,-1.3065576802747934,6.147237735769041
-1.1324780079408894,6.870577840847569,7.58969838112283,8.007085667174717
9.615288832558173,10.302531950114103,10.813873954649061,13.37602519152261
4.378946109174091,9.651459377799972,13.409649458495842,13.816747814005016
3.0080180985340554,15.678086410167989,12.685278161525856,14.014810940688092
13.220931612834862,16.222058771665633,-1.1455914635886149,12.414430565305317
6.376404419506913,12.930179736525053,2.0230317315104136,6.7575063339417065
10.230586643665946,6.546378386397227,-6.577315335970614,12.00726291700742
5.8620291197617975,19.299935476328464,11.387898626126187,13.664981954243565
8.953013379351908,3.9167452745743647,-7.401911120800179,11.86353921172971
10.184229603115716,11.583469676748262,-6.767092292017629,11.911452248035491
5.668623289584478,6.099990128000677,13.241139037436184,13.717089382189755
-5.140047374120375,14.344350294332703,-8.628851356908331,10.459132681142814
0.6679505146343595,13.35800194396969,-4.775535519899427,4.811676013115603
12.560903430862359,2.5824918416748215,-1.842546781869889,12.415697247452318
4.431171957438278,14.873563619675451,-3.3380208044840547,5.654000970715983
-5.930803194547348,9.466773825488744,6.356951087763356,8.609723464872179
-0.051771576602725244,8.150071697133841,-11.526064475931364,11.023896867718905
6.171936343396602,16.217000088646646,0.4359779598562562,6.30719127806873
-9.335711646556275,4.231934258286666,-4.90776507768465,9.935855136143084
-0.10680856121681614,20.29322034263811,-10.72718664460866,11.010940819426374
4.354457577175101,10.328130832973699,4.568723610013571,6.910813026522556
4.858103147401453,4.7985834078961735,-3.508286753917412,5.725286238501304
3.408934119224595,11.932977474255598,-3.757230442441066,5.560943395023702
-1.6760915383421378,18.8791213112779,7.252244730837122,8.081392768316732
-8.652286512142917,18.912692962842222,-5.147284313757267,9.915707433791534
12.232460673356291,13.111185128286426,1.8853804852030962,12.708600815909593
-0.2126611785283381,14.950608350576283,8.364495679395679,7.715632358617088
9.070097109968037,10.898566687885745,-7.20411524485614,11.85995171460459
13.107631895171153,0.5471598380724717,-0.15843732623075854,12.5735602374547
3.0971988329924205,11.590637872900745,-4.825092467452623,5.178188632083333
12.257376402402313,18.35063665880815,-2.4047326511043305,12.385146976479385
-5.943729018915225,14.137942849440176,5.717449670902483,8.63323277278088
-8.336053356092306,5.033670876082266,0.5034001727393957,9.38370777951639
-6.846855437568852,14.496571187851078,-7.512304077182517,10.20139645073173
-8.359693775953781,10.248380771742731,2.3202204123776133,9.224039910389978
-0.7185222431543065,0.9189173023240456,9.085831718710015,7.994129389031887
5.059360543112449,17.110386255020725,-3.9265749719290906,5.583047911548431
4.374863085783065,12.2909879363752,4.798715041686978,6.9659399788128225
-4.42891495945374,2.7216820155611656,-10.060322607953372,10.51142706124749
-7.950767597771287,13.5492938648975,2.6171026737927523,9.031877903635557
-9.682987587749217,10.564524899155524,-0.7529651554195497,9.569946860987645
2.363648416399117,1.4050694333449512,-5.103381959121123,5.34855913272257
-4.460448824404537,20.154561024283595,-9.204056778441291,10.529397549499011
-6.669704917927627,18.23384171575045,6.089808585450603,8.782330830062351
10.188966555059249,11.807693159707906,8.794325570159984,13.282984608194
6.206258071198628,3.3749834548573023,-0.2669305309517148,6.26626488220021
11.187268852974894,13.825485707153964,8.076134038831329,13.223855540506092
-9.19345929447781,18.230261670079127,-4.177137048113423,9.783216148048615
11.45516958503029,11.644172246255987,6.827482920224074,13.11497546104495
11.969233933171981,9.705446382855985,3.545281432366698,12.853491717016643
-0.6615844634865246,16.74124070352642,8.22087105484573,8.058968174536773
1.4951364144872197,15.863133596456187,-5.236399358303343,4.950502886822762
-2.932574208128166,20.804174531943744,7.510674262648048,8.171651905876855
7.152543391397749,18.99331163007737,-8.54290529323083,11.697613086196034
5.8304267463108195,6.291629775179885,-2.493593087259301,5.835567942305504
12.732140855712363,19.886750002825995,1.621593868780404,12.732305583181637
-9.85398701477066,18.431276503558685,-1.5137403796985587,9.537775847637187
6.163252092606953,17.65653361960436,0.21517400667780362,6.239951761219091
4.740329021983249,2.1349124044745986,-10.154439784436985,11.434523074320683
-6.5085770922388635,8.753627117166312,-8.82022065745106,10.407138376558024
3.6372367810837094,11.59097530983504,6.474208488338605,7.2593278739413005
5.17006602252404,7.61493243064493,6.0633216156236625,7.185486123824217
9.321209797234127,9.574527512957989,10.063444698664034,13.374945268855434
2.1960226612287874,9.165109040515452,14.622771934850325,13.942101087910258
1.4494296691930768,10.63568053458885,-4.721718131457688,4.953823052458281
0.7059142837566525,16.336413413943887,-11.208494795187638,11.021160284894519
2.9047512596982656,10.61724473351653,13.205702539400109,13.886871182200473
1.6083310170031464,1.9945727945926306,-4.574230908617894,5.09826476702277
6.249821108383943,3.7425182912760055,2.6098876011265384,6.583846943959613
-6.685900073318819,14.204498555619711,5.860399413161776,8.769676626475434
-7.997376634643205,13.50859829010797,-5.408952503231788,9.990693580441079
-10.215171800964857,10.553601661345906,-3.434755615942212,9.74803885514878
3.267797545739787,2.657546377875685,-3.955986227573536,5.346574738579544
-3.4346223638585593,17.06805879175432,-10.453808855902714,10.69185668895269
5.054663690404163,19.34309606114675,11.99655347590612,13.77272586318491
0.8536141017996083,7.017101852216407,-5.732644399836441,5.027612194029557
-0.7875719018282535,8.952212578291785,-11.061282300201798,10.907019425490121
-7.2049912344056875,15.51416585188081,-6.386714044554883,10.085566775560476
-1.4315616255704662,1.3953556089667543,7.53993704177845,7.993950196787073
10.367131095263675,14.685189966328567,8.903005579903482,13.216414950533096
8.86453707127495,13.91269784808263,9.95522234812033,13.486768633264715
1.039520837035439,14.207370302065618,-10.359462655227283,11.02109740718404
6.820793170283876,20.771936024638023,1.5155415284977516,6.601454758171571
6.9750517444881535,19.222448199764482,1.6440976449083458,6.5817117501737155
-6.537117981160803,14.982965360528977,-6.593654660576922,10.243099155487675
-5.443604964969659,15.258571757501667,-9.24890086754031,10.523463337309172
4.384513100649431,6.5379630129370305,-2.8825699013358506,5.7044888220858745
3.086625331601858,0.9512983982216883,7.1844412940208455,7.417079687064468
11.980267492618648,12.641745958825382,4.6031884566063,12.940835300689255
5.643026313569839,5.897726078349885,-3.343803573271139,5.852469128357264
8.304483553374737,4.56853703901233,11.42203946548403,13.53081619823496
4.169108170659384,10.377531491742667,12.623981621554806,13.78188126697765
12.372762962074283,1.8702434251222182,5.2922117283275,13.007852758003489
-9.121518774579314,13.411245186080944,-3.942765059772634,9.828155718872978
-9.538940532794628,1.922091120075309,-1.916749989206466,9.636625128173087
-0.3690221471197274,9.437072954384458,7.609183967360709,7.912834489667959
11.003062817053367,5.369480207529151,-4.581216745875007,12.123806774209607
-9.029816037114156,6.860762725807943,-4.864551291097288,9.92338501084839
9.341413799795504,18.489957365521374,9.799096893857692,13.370664073321624
5.478913824929849,8.670436789547884,4.063536378439501,6.880267235798457
11.069520803912345,14.583138248216255,-4.0206646029902,12.195854189078233
5.107379053864706,1.4449060010571664,5.461577126218194,7.118911012415648
9.161259187813506,4.855063800569285,-7.309539107999244,11.943610095274689
-8.37932156936133,5.536670231710824,3.9676870647733202,8.913594613320434
4.3857921219397,14.853898676319243,-3.571864107709989,5.527549295077604
-9.517669593466762,10.900248704383928,1.303681767469349,9.226770701079323
10.613874462885304,14.204571727552716,6.668250013594223,13.121154873211417
8.846252719946607,20.603716380647626,-8.55470836637416,11.812576940525842
5.417879476755114,15.106772889877126,-1.965404306475043,5.889451941917689
8.276683659119222,2.997785325620833,-8.86173600030719,11.740059629784993
-2.8464538169463323,18.086728524724116,-10.242591408524389,10.747454044701694
12.615620018938603,14.390133080765862,3.33127122735024,12.835163510287384
2.0114635373649232,14.88906748566436,-4.8395259662894885,5.096833962777647
2.804962326130483,19.30574439630882,5.881609653750902,7.422184221972602
-9.477294253363278,18.941949527556705,0.9752846541551974,9.26509302645551
5.60965414304833,16.401045890860765,4.915286764746386,6.952590983326367
11.966857746040754,5.957669012706974,4.798859051036523,12.985894949506687
1.154011873164601,13.205975783641023,-4.702729087398544,4.918608297249495
3.8699187010715734,8.558603459235654,-4.021247994635222,5.599552754338202
11.817285979493304,7.529383867487358,-2.968289097749931,12.304596135129607
-1.4719734312426755,0.6516161050376268,-10.660499509789231,10.818009662692463
3.420616124323785,6.277630684816415,-4.0085157765759005,5.374891777943314
-8.660184586327368,6.783709692508017,-2.4138020406174334,9.676738921211943
4.218678685157045,1.8600876784600318,12.49727739271925,13.868900882375916
-6.796839228736692,-0.2065928317338508,5.442649480209299,8.722102210538273
4.285972932154076,17.089642907896206,-3.0081786791513645,5.493009282173683
2.2050323090439203,15.913040559001857,-5.86742222799563,5.190438743745259
-9.08225413909284,20.66912673416204,0.3059143493880542,9.362962056030062
1.6178746082459676,12.785875922789764,14.604586555859049,14.026100856105982
-7.66778453287901,2.4272204843717984,-7.333926004441913,10.194197990402898
9.3616673727069,6.92048545792351,-7.034391082355139,11.99803724388942
7.261129111608657,18.371327419275485,-9.48186686812057,11.582632173929051
-8.447066703233556,6.880505684728505,2.830332046414189,9.063319664854122
6.007557163158442,1.4135062921419586,3.4623754237224476,6.807842311285557
6.186126851291324,6.242405342959987,12.571452645750867,13.701091382324032
7.186467980154928,7.627812209373324,2.2048008811809368,6.526421055067887
4.057548893115494,12.245491374918148,6.120184626992873,7.219675000319499
9.062837240707676,5.719825923720463,10.406728097623583,13.42720244066695
6.026639897199076,11.882550490460709,-2.5642359033045574,5.790607671203723
-1.3200688846674333,10.716545137228008,9.045877648660365,7.987907385539848
-8.518744564705077,18.728900126647385,3.8516910222457255,8.927500256456451
8.202146284853848,8.760392958795071,11.198101037162601,13.596736973137538
3.469139595642232,14.865523734258428,6.639122898914254,7.479858880407199
-6.387945943392309,3.9462369474235253,6.792043270724538,8.619332683449556
1.8558100577736596,6.212435272496944,-5.136234373107527,5.133505429433815
7.397462020672024,0.20825817026895632,11.289906936542287,13.54052803467596
11.445494090677116,1.2863111645990892,4.596792463095441,12.922155351313725
10.562983582566643,15.918032682230326,-5.642373654764069,12.086002219031554
7.673006771188732,12.583449899469102,-9.368397038267213,11.699468474654966
11.39314678762741,3.4739903107973764,-0.19241873320333408,12.524542856952575
1.3101875132738063,19.74912607633941,-10.958488427701846,11.031670947127992
2.9640369063209655,10.499189423352192,8.051986732735156,7.537396151062075
4.196368682429499,5.454845128612165,13.490674059817238,13.824962393990985
-9.415977972957279,5.183699776381216,-2.716490164545836,9.747479576669058
8.608733781182234,15.575388521721857,-7.411136873383669,11.76271972333283
5.440339727392548,17.42478973015617,-2.286071804001275,5.890763698235895
6.084453911711363,15.50619267724028,2.2792215520951546,6.630179380312851
5.6928286183874,17.610415458563082,-1.995548740412092,6.043188392068018
-7.200435696516352,21.358294941374723,-6.257988190887116,10.108514297360296
-8.679843208656166,3.623876361539255,0.3718576208108173,9.248557078649988
4.478682503931497,2.8628951460915353,13.359130077344547,13.870137421012597
10.622417827745185,1.9462235721529826,-5.958490601166109,12.010011259777515
5.524774387409913,15.508154168304301,3.4982282517069994,6.821317904310088
6.146277708234242,10.587792292687949,-3.023597437178195,5.8497647715648
10.27269633949182,13.941543304937221,8.065102577899527,13.261673144401431
-7.6433171184657525,14.756871811497225,5.684621247792451,8.768293013702385
8.48236778813323,12.800425035176431,10.834849870709766,13.534589734561136
5.389293032326601,15.013478045557992,-2.830504923233617,5.61869750620931
6.2889681504474755,14.317779833127975,-2.3596191299442575,6.116099816525227
5.736112452167241,10.481065742961597,-0.3647847414237349,6.2603042868468055
-6.501092591147964,20.829635717534952,5.336969960259436,8.714156416580462
2.5180273038474494,13.096856943215762,8.181785674049614,7.653733596985867
-5.695570338332633,2.765726807061258,4.993398202074828,8.604293355190194
3.7169990733919467,19.62423089386039,-4.155902761802573,5.422741058242194
-9.783437033386504,5.180771648592576,-2.527435518046376,9.61228180154536
12.977999558924106,6.962445418763876,1.3337874379691792,12.674066331081011
9.950348732537348,16.909905728885704,-6.267623091345715,11.940630034612713
3.5588489119768614,10.139301759680391,6.0727727977426404,7.2667181155392155
-1.5710872777439993,11.710316879483086,-10.439950054515231,10.881261006261886
-4.273339532711262,17.623332916782154,7.305976235198742,8.441035229172329
12.517965925701334,17.788063335422564,0.2365663147312963,12.591518261520376
6.362390664127957,15.01385653657054,12.649099266354412,13.67101053472425
8.540239466594873,13.551721887477534,-8.13090055130075,11.870597458120088
11.339897967460574,2.3675198127008925,5.525921600121907,13.006724594668627
-1.9303130584805246,1.493966838843292,-11.791479617660215,10.807381474570628
-5.2979417287484605,15.770025228357637,6.702867303699581,8.562017357455066
11.627030922524881,16.325819197059428,4.303840397565662,12.877902317886429
-6.76598642195057,19.588359971171293,6.778247733461227,8.556785100803637
6.18425672003771,7.252053558782459,-1.4070236449695563,6.050894322306796
-9.528284315158793,11.655154890190168,-2.9767453483272206,9.743138342690546
11.942407939186275,2.065583004253567,5.680239124164339,13.065868936468567
5.694478286989597,5.552221440556945,-10.542332557071138,11.53206932253864
9.228506574446413,1.9552022864079186,8.913798826308645,13.410627569731215
6.705454847057132,18.199009639239108,-9.184262403326818,11.62590651816552
-8.938912578398014,2.9644119104737805,-2.1604498239939924,9.52029038316359
13.143341215710981,11.43312961061556,2.939976619831623,12.805552014763919
0.3177166280170899,12.201212181074137,-3.976093304607305,4.896472230114952
2.5925957001992024,6.2199746465417585,-5.106391586742315,5.112767716922185
3.4596084524114317,13.550863760196336,-9.251445812971875,11.313543377290857
5.011890281651851,12.157224285785075,12.25358309213738,13.783033288250211
6.147462381059665,1.817422247857409,4.683669853333111,6.916911520575696
9.659278556581757,10.488575206126248,-8.068308547854992,11.825693569546068
0.0009151472021091678,8.44663455589611,7.982604201786308,7.8032758091522885
-6.369492141340344,10.469799624600391,6.7571375324543945,8.511537542285124
1.9612102271095184,6.175805596465229,7.25203862232499,7.687011441361684
4.208231784930791,15.804686302361704,-3.8886587191954303,5.457437949338568
-4.499616140916143,6.064774887298542,6.539076189805858,8.361283362563148
-3.31805463075308,9.149782587307756,7.403648310930993,8.392710057798642
-9.358447200179391,11.391949236411165,-2.9826917706375036,9.723037676480779
-4.698860111982086,6.26086528447331,6.468117554801176,8.458936274332586
-8.994438519685572,1.5514772080586712,-1.4981907922745423,9.714670074201685
0.7590214219710749,17.27583731223238,-4.984406276801508,4.963340419338207
-8.875446165414981,20.097722740520087,2.1482806185290677,9.197491182675941
6.147816405820266,6.1278855352433155,12.632502534734586,13.711460941252133
7.259656080846106,20.287013874218605,12.118847604054144,13.648085659295687
7.048166717367058,10.075465988145544,-1.03837564461126,6.0858952804983515
2.2610701736119982,6.0533554268809,-3.6017902141287257,5.201907105761177
8.525325470301297,10.448064745736367,11.125874370212816,13.502279762388822
2.2221189490793245,7.650210174318043,-4.1285104224977465,5.15105956771611
-8.432502605669816,4.876762231064181,-4.870932039978896,9.837550989666521
1.1322710776961764,20.14784294511196,14.068851950261392,14.094538007412924
-4.098801492985617,16.25953311758768,6.853114609434719,8.383704225279404
-8.347923011098349,11.695597421629246,2.49728392511135,9.087584771305824
-8.78927523359549,4.680286655715976,-5.542440524754088,9.913617804277802
-9.209504220147661,5.578441226246348,-1.5225976252549576,9.570955239500545
2.7325811885001805,4.385054118855091,6.508888273059238,7.468034654406515
7.160479346785937,17.151575458846633,-10.31494151559435,11.655348763656844
1.7440901705187473,18.394937932741577,-11.849016725864933,11.179298416566008
-6.67314933873033,1.8776715069828145,5.64710195822147,8.771607705593373
-9.074313285109497,14.600855122387367,-2.0110710251082153,9.552213908380333
5.924507499558702,15.659414303433326,2.0146365325542157,6.6030467238442565
6.1749094106675315,0.9173182913159894,-0.3390340504607695,6.237393746093401
12.07244586442425,14.004644255140914,4.193513227535971,12.871093682450153
4.206383266312106,8.290500937339827,-11.006496400196443,11.31967865362638
-1.2091073594118185,13.020992076895997,8.572048991636658,8.053302238268744
-9.221270202287867,0.3254331890128719,1.9642059649202543,9.172381452328692
4.643218950438355,16.259623257776884,-9.919272914718425,11.46130096302596
10.259567372668142,0.5898278452697667,-5.460483564428891,12.113729602939651
1.3694565132610377,15.054952481424353,7.115598080833805,7.599478059264547
-1.987785957248723,14.541162050772897,-10.557430809394168,10.895448894454265
-2.180807470595608,5.067725022921897,7.928272038897601,8.183037357759382
-0.31122399417462365,11.525923470416238,-4.68342091845227,4.839524929740413
-4.50436622487855,17.84325025300025,8.422453942507726,8.36092576975569
12.708805835687366,11.807723439447187,2.6708955327602983,12.701539959760117
6.551502667147366,8.075641519295356,2.9671081444066463,6.73986189306263
-8.053107428617942,19.122057766167895,-5.404725445217556,10.037872832451933
10.854450445054209,12.444555981288913,-3.982255403841153,12.234782051780991
5.655373617748426,20.087935734540796,3.106280531449647,6.769890675979756
-4.909887734975431,1.5992216729072695,6.894905990975562,8.564031742338578
4.879088212411632,7.667293566043119,-2.5955472683168344,5.8056768646500165
8.692723096961082,6.026183012664248,10.383875281552099,13.502591815632002
-9.160063565390002,5.058038134106794,3.145393091496725,9.169967211849338
3.2571852798461487,2.512158439034712,-3.24963065315393,5.326189131289918
4.793690561904487,16.159121293192666,3.8017623096259876,6.8678814253681075
-0.24566509060728556,11.624059036566381,-10.467922385359664,10.952498870898326
0.642519698177981,14.835464376559239,7.592300132716032,7.777241202893171
5.759239755416779,6.444377259344101,5.112527280881292,7.01079651575946
6.482632800371562,12.513700035029618,2.94099901699054,6.698835468515516
7.277322589794789,5.954529982759136,3.6451843935222854,6.937322234378536
3.95315705012878,16.158136131485207,-3.427615613432329,5.552215861706782
6.79551534020297,5.781927905039763,1.2663805258314094,6.469047925579916
-3.025472445022653,12.260595370080708,-9.862684384131265,10.648242648778735
6.463944613410886,3.6950889781256224,0.8582281807563922,6.471100110513986
-5.864268734750298,17.767888559771823,-8.154906119802261,10.316547323645233
10.761870354933272,1.2157805545054807,-4.9540593559884245,12.210039500683104
-7.649545676750616,15.26752514848689,-6.775480254560571,10.206760573334456
4.529548739261662,8.49520890405819,-4.057146591245916,5.570855744943715
-8.951937402675206,16.07728700184593,2.6046701694129926,9.062097714205192
-8.448008169173802,21.625636189860696,-6.1398986549844805,10.019879489990203
11.95820219054166,6.959293675534171,6.3970838099655944,13.127786790565438
-9.004717074035465,15.151479335940145,0.928532090413458,9.382918315183105
9.046690128457799,5.589176000199603,-7.554722773292115,11.851908631119297
-9.096664440595339,2.150844565511653,-4.176947456092803,9.86783190771583
3.4134158386791915,9.128912709514065,-4.037026456998955,5.450676491098269
2.309112298843577,17.64067282498973,-4.981527243551028,5.145352989140789
-6.56583241450683,3.9842090895856135,-8.684485059359716,10.317646190212242
4.275455098080348,6.367110944304094,-2.9465651289022263,5.687770096212232
11.805807816278612,11.730521697150433,0.07091656909681446,12.563889917339415
-8.918587275836893,5.336265416477274,-4.182498840286335,9.839510433371984
-6.884408997925923,16.014981930444495,4.856228706211977,8.852834754262574
9.691363707592677,10.246168724736584,7.927743033768512,13.277108675170485
3.754444237529116,18.171724499868592,-3.293660852349691,5.677843578246944
2.4891821363198634,6.436205342641512,13.537161560433246,13.965970494073071
-4.453782233431937,17.59738495040399,-9.432413685376932,10.462548231948848
7.315529157732345,19.269629060173756,11.043255446727875,13.560428271013059
5.752632674043842,14.80037180487376,-10.241421061288042,11.557046380235679
5.63118858764826,8.132979552530065,-1.595372429743642,6.072084955740535
-1.947868535197256,20.451878088096688,-11.529310416923646,10.87195279653708
1.9696563318564793,20.386849147958763,14.078024613120887,14.02539803539204
1.8546935423243396,18.06630121650241,7.603965457317386,7.538967637899763
10.967558134089025,3.816372938340912,-4.861566243007387,12.160446535077428
0.918572239712411,10.896365204092179,14.191925623270714,14.052421544368602
-4.196367395969294,9.26208627087133,-9.565890387958797,10.563480991082002
3.9556604487915292,14.96860916388971,5.582510496538738,7.178118153693878
-9.744861770826517,14.957705476745941,-2.5082493513826583,9.787566676732663
5.003834636771849,4.299032376757654,-10.460982169127673,11.425437627581822
6.359476719749074,0.5642305211700855,4.5346676666668655,6.973365264881804
8.407057354364381,4.048406330517019,9.861200397175425,13.420837481505806
8.089727629724933,3.4160465462185012,-8.258664718916473,11.776735961165896
-6.57371698561634,14.071824493805874,6.633064826023107,8.6159758616891
0.12035494383851517,19.159236572224245,-4.564784642627234,4.7658929024173196
0.07077224902457702,0.6713273522698862,14.755405205714625,14.093373144314482
8.398597306710528,18.888877355831188,-8.132498281723338,11.708420955823659
12.22315672815433,6.044069809868068,-3.455759702312192,12.32143797139986
4.656026774428371,18.540080895616583,4.51323102864339,7.096730549459993
5.124605988104597,6.037173911761225,3.941172683455514,6.886981753700226
12.599488662764244,14.473839749202906,-1.4850012526315721,12.480383591785532
4.156267650112253,14.881958638099858,-3.8769870127235366,5.574399570681229
-5.614289701339075,7.5976291328498755,-8.973456433430597,10.400747355897838
9.021310930610204,5.879374443769277,-8.336264796261474,11.816008449744883
5.760731887848629,4.660670992087156,-1.94562224979811,5.975886420238978
5.4808664199396375,4.514243462060253,-2.3616896383874284,5.827596100842922
-9.15031971084454,5.317467598157835,-2.534114411992606,9.67132803996633
-3.9635056748807576,9.863237570574888,-9.661237227517395,10.676021976717598
-2.1174450987290014,2.8579951604605385,8.204668633291385,8.065186618634039
12.616706128825003,0.5879858703524569,1.5675840928851237,12.735958251474159
10.24958848024039,15.054815407983519,-5.984877215458692,12.044287512619807
-2.239365234783743,17.874989110956417,7.185253230009371,8.099437080570109
-8.710507390932952,5.271831477729952,4.208096329257388,9.003913922839772
0.5147269556898082,2.337605714263464,-11.177848690142348,11.117588442496697
-5.796143748507401,6.04115130701413,-8.566257152750618,10.440528556400043
0.029959077972057574,3.480819072117642,7.032956286431431,7.81860649409598
1.5013811180922938,12.957831767335712,-5.158458530290211,4.933177940684815
2.2908206527543267,1.4390022753363556,-11.010741703789401,11.240576234097507
5.030390697507961,13.891665926890292,12.552530845914852,13.778078036031708
4.401295387924865,8.835563777203935,12.467961154265792,13.775181926759256
6.43351584475016,13.121867100178275,0.8112943627457812,6.398772211472119
-7.061758469805565,13.000660779031445,5.7217694881655365,8.740734954179022
10.295209498211943,17.929057024933012,8.584545683728818,13.243201927665146
12.749866522721746,4.514665172059471,-1.5303913608720634,12.475015006912455
2.1869676293316958,16.642846531589587,-10.649675271494798,11.24603699507067
-8.710399837053128,8.65298737908268,-2.706811471368579,9.60313185360085
5.4053757602784565,13.038506418299106,-9.168017716315164,11.57924714625616
-1.0659846248393872,0.8201871173526332,8.195418949600578,7.991664457971254
3.6310129080063507,9.640819864383957,5.986549382632452,7.315242702557585
7.388897135013634,20.450845536921488,-8.459099505584273,11.612469533736336
-7.6074366731503344,3.909258859532091,4.141819530618263,8.858019360974854
-4.069642215679618,13.700004110354516,-9.38169251694367,10.51487668771074
2.012398279071939,11.535885034413475,-4.412127019751026,5.0956011999040065
2.4860906188146235,5.588105197720768,6.807645576881713,7.477591713551382
2.9783837550382763,2.479301028659427,6.535542890450328,7.444838016457794
12.049882985320943,14.439129578385678,5.472215628939714,12.910678600694025
1.1234720285840254,6.554173221925506,13.96779558777143,14.032816519122303
-8.828843719614325,14.01165136669449,1.8374944824826467,9.183843232169268
3.9515606258615654,12.577901104705314,-4.240115546857957,5.459731411357317
12.424941756085504,17.30118937163387,5.134859773476203,12.944740091323935
-8.064312948753058,3.8247714567047137,1.9637516442652028,9.174370046518609
4.37241518413274,18.960217343994966,6.125049346003096,7.16480121369331
6.264778916504314,3.7657542504579116,3.397023281667976,6.831648661553254
6.075517508826892,7.690983772051447,0.4780675711302823,6.377146971667058
13.042279088231263,7.952179024963148,0.9146865785567635,12.65790483779282
-1.3068071439019353,12.533921852400876,-10.63597985866919,10.93513979579898
4.6862745054878685,20.59774232885138,-3.182104352963138,5.600029937487972
4.192264354292332,10.77843069473896,-3.1693464771811106,5.6900969140649424
-10.046937222834355,20.45899591850026,-0.7764431513562415,9.471451377884321
-3.2461875584265405,11.394336986013752,-9.733477357496978,10.741817773342195
-3.196778568682094,11.598176866684184,7.18402386541947,8.318657473945306
2.095754028438912,19.045329508293076,7.609353649857642,7.524158298295278
5.793916502408098,13.43055625551891,-1.5174498528069074,6.085224570241217
5.9750811505584345,15.886579498797456,-0.5640898957366608,6.264576563248805
-2.778480631467325,1.3950135833867552,7.769369424637384,8.243485578383515
11.502151416682736,1.8797220944501398,4.313551503029557,12.93320485481098
-3.4717458976335926,16.483729395875706,-11.071989625558357,10.676772658958406
0.6921613891955688,-0.06822509840204466,-4.725649549750469,4.744478029802681
6.64601705574626,4.9763362357980085,0.9776521798927464,6.239504295574224
12.1046616743623,3.9705684142358764,4.202727489915103,12.920180590501417
-4.368366907050143,15.163194197861058,7.550501380258323,8.418047081280474
-6.456955109050194,4.981928130344098,-8.09747235175756,10.29355280548381
6.507745662771431,11.926368691029195,12.114931805407364,13.599902290275635
5.84467621407221,4.544515255688711,3.5587887413705017,6.727748967529032
11.462932381810917,2.615297796751213,6.480431137119171,13.166164850260111
0.7365837235860795,10.205006287025055,-5.124987881398485,4.792341701232474
2.9552074894840925,-0.22879946080722935,13.455314753062021,13.952353102107056
-2.5535149391368748,19.25807551375427,-9.52289648502519,10.654187660598982
-0.6837692594118877,12.148237752770061,8.787305082389624,8.053470882271904
-7.566557878768107,16.42172019900098,-5.960747686361898,10.042443126405145
-1.975825680563114,2.971637556638572,-10.910139151696255,10.888432015843156
4.336269259174266,13.614652684726865,-3.4925149763333705,5.653643677498828
-7.7996804527176735,4.215480159006809,4.240029654332654,8.924719328946445
3.0823864735945685,19.56883992561123,-11.780885292480752,11.223332590898076
6.104786503606663,17.038674837780697,4.775071800701631,7.094641982111023
6.481604111352502,8.989863145086687,0.4039498218941581,6.408962866347506
4.042758471311405,16.836500004343783,-4.136042412649722,5.400530162436752
4.231072470977629,10.264235637991918,14.111145314654378,13.821651833928833
2.7087709290979207,1.2917856777575871,13.087503203475523,13.928989183337793
11.962548278803776,6.187063938289122,-2.407408836014791,12.309150710264426
-8.196977070101656,9.180138885409896,-4.366879572511204,9.893634823779365
10.456033796745889,7.088932524455472,-4.1994239973853995,12.234644344869354
3.9858370536094867,15.703952039483292,6.624465601547724,7.230061877343507
5.342374340141594,11.333374399971866,5.324883419592991,7.115948012411917
5.719792661842167,16.777035390671795,-1.3712061079397442,6.07380710849315
6.07583064428689,10.096607647414517,2.524657975290013,6.567718175903197
-1.5210035587939195,14.642463934719625,7.670619691884612,8.041286441072769
8.73556088547212,13.389804063395834,10.725643631281073,13.475729164493474
-9.142297665404898,9.088710997850715,-3.5334260795111176,9.79788992300696
0.33151282583555,5.549014735646923,-5.266260228042394,4.766896844579475
-3.166863568683513,17.077764180015425,-10.61452076482831,10.690692966540094
-5.547129595623109,3.109838509642092,-8.636465707042046,10.416101229358793
11.037405788857576,19.670220198568384,6.050689770217128,13.01305524488759
-8.751750714039781,9.092521324873939,-3.888313884326651,9.828729495867385
2.3011875423704544,2.315224592420892,-11.38348137380206,11.134268877108338
-3.8967259260410696,7.364860588500566,6.9461937151077375,8.428250058788823
4.766069900345589,4.675248600123666,-2.837402144570505,5.570593472920106
7.873944495813517,8.29206802202318,11.817329074218776,13.57958220416319
-2.2085174600419215,4.554152126150458,7.511797056916134,8.150455992341826
-9.247395704040933,13.748821497690699,-0.6615062723855429,9.458185331218273
-8.695785055571765,14.213851726121,-3.467421873417898,9.790821850547639
-0.8559195527826803,4.442557941930359,-11.628029387826503,10.899373759187071
-6.241367427599334,3.270155668829686,5.251315013763306,8.664635703839021
-3.530068365892712,16.06781051757579,7.388760185178364,8.30432777891061
-1.5023782450596563,5.2501595042877796,-11.388014599412433,10.898860773192869
-3.565657851058666,14.014164512971698,7.133450048785167,8.45528225668159
12.098193525027414,14.251807840267393,-0.6188696222473928,12.570454491853248
0.23511784980555717,2.853108238436133,-5.524830407173954,4.779916194290788
-4.619037392489718,13.871615069838178,7.7450947598367454,8.353741084741246
-2.285148172264565,5.019414316095498,7.87071569117026,8.188791626071806
3.275727911997063,9.3324648514981,-3.5296864303440905,5.445770676351662
3.7308891863200233,1.4626330450775156,-3.758256316590646,5.481916562096913
6.639507739934655,14.277206272524348,2.7975659275646274,6.723570533432562
3.7335116079804758,18.930489439242535,-3.82351848871381,5.525397029997679
7.313660337891323,11.052623921110035,12.066895869692877,13.578519195515153
-2.676875880910551,20.51641234063471,8.096898045467118,8.015233894016866
4.737333473326604,18.363469630702138,-4.3430586653997905,5.4590672725675224
6.284770287496223,18.393889311688152,2.3006877595990867,6.638352674644816
2.6742368796242704,2.7050918852458876,7.3745683746171835,7.517255716427813
1.3446958155871775,4.775425037229377,8.35975851543661,7.768029598955718
-8.56767916326201,15.614274451834511,-4.441423693362885,9.871598879918439
5.031438781080673,18.18932766092012,12.46653174042117,13.760123228883465
-8.72903706106407,0.3196000192970484,2.703223118039886,9.14831902567347
-2.7556915436159963,4.364101265283452,7.927464046705515,8.203919006914294
3.8789940273698673,8.735115185841149,5.906651511076303,7.177910023468167
-10.164697178076425,1.431942719422724,0.11944997818320874,9.370427442834435
-4.972227259310717,3.498657572590254,-9.21875320258858,10.47369582602562
-7.972604840930824,16.00838308059177,3.5861562037967367,8.992716239323086
6.173061435561384,22.136687136753615,1.4505074481832552,6.519156048418586
11.7714904182383,17.34562694453722,7.281033488923538,13.185418531539193
12.83980672368418,3.921848801402617,3.87365309434428,12.875088719805431
-0.49073869676384885,1.9743096508648492,-10.261037356612535,10.916969843631255
-9.15218199979266,13.400776027526348,-2.813345522135169,9.832449381546576
3.0979635160632752,5.142617818391457,-3.934021195821908,5.168499706912707
5.932101214901348,11.148820391687975,2.0706650185554407,6.730037471173593
6.539206823477297,21.12816415747392,0.3364812338126303,6.378790418727665
12.30738042188174,9.513226476224196,2.5823790721818383,12.799679929193093
-2.4458771168454465,9.589553624240828,7.392908534773535,8.138328041441014
-8.986820214437628,19.615949847180776,-0.10720272136544395,9.386294005988304
-2.7202378703801835,13.943599588069452,7.058767711870893,8.23600916807849
2.0001954728380373,4.341024103412106,14.17056902434371,13.94614300662624
1.7122324794926664,3.1376703056307473,-11.704298342897186,11.165860325386088
4.316282812171178,9.20979040671741,-3.691684827228734,5.588577640487303
12.145373320343724,8.954732499667966,5.029726737107702,13.029966926598163
8.724602715705942,13.993570302002441,10.219090717226702,13.359437418326918
10.330542134801055,10.119306874240678,-5.083504765877691,12.06013369226154
3.9319117142196416,1.5792561988371678,-3.5533298027190723,5.657620612706871
-9.841860168306868,0.7300132532263924,-1.1478462669465632,9.513929766630808
4.483758429251272,19.332966637815165,-3.694734563731854,5.467200682493906
3.3924983480348168,0.2742901793359718,6.320232507155112,7.329303874840467
4.532435203099267,10.625633634687212,-10.919361337083359,11.462714382553294
6.928400640176028,20.325346179767795,-9.204847124920708,11.643763350056545
-2.9035698263889236,6.311093615357369,-10.76656969074465,10.740238404074022
3.6989009967725877,11.819138793602255,-4.205516708174151,5.313720555076996
3.7253510759869015,6.073679328359422,6.773158731565181,7.293329924281085
-4.690359777118964,10.455172410849439,6.802938142136564,8.42553004654541
0.27257868737670893,1.6124483440098354,-4.500986520553546,4.7635118955924165
-7.374552770670791,12.220636055212244,4.239569008161405,8.81694013499726
6.601559310387145,1.0433658503946446,2.5420720971969617,6.643322925214387
-0.8576284226115076,10.967956914271248,-11.848495653806893,10.96391919392246
12.714850331811613,15.561863041428856,1.1420416729037925,12.71785267979438
-9.414231703933767,1.6639375207117921,-1.419731117839076,9.552351788897013
8.698578868519794,13.100545992988998,8.917730581367094,13.324329965602908
4.689599670575256,2.872311763032857,-3.79852670962312,5.452204390956989
12.253860357004157,12.59732058964371,-3.1528615948117356,12.356669525158672
4.989915908361563,11.278035832025662,4.865883659711668,7.077518157676262
12.171344777656435,2.3642978424924808,2.732679839984942,12.804269011619422
1.3611138537006393,18.60574062117676,-5.795362346539385,4.950928578869014
0.23244860484448432,11.802745861402142,7.809363563599006,7.771347420677236
-7.065703226682114,12.056296039120038,5.190214946496853,8.797179597599094
3.4381902957565127,10.635420532999179,5.865276065780647,7.33134479213338
5.93098715332921,8.973319143329752,-1.135700048185355,6.080637358298435
10.13352606987742,10.997614408358032,-7.562633712138406,11.926813189667836
-7.916398948731473,20.03993387049943,3.5484384868534433,8.976208407312436
-1.745915657586056,8.49910191022976,-10.176200938545843,10.738683882953703
-4.047256909889445,5.388364605484035,-9.032346432473242,10.574928992814776
-1.8018519479462698,13.618293425133757,7.8564076438542845,8.037049456036879
5.772341739983326,20.446791512703324,3.0365481000773507,6.75481582190063
1.00592237175228,9.259408259523294,-4.272483893628413,4.740531960321401
4.351981221138817,14.517390794277233,-10.607786526967793,11.48363413606881
13.389136124852419,14.087398837508703,-0.44576265017945726,12.512298189088972
10.936353226887324,13.58487005402543,-5.876012325062409,12.05803950045894
12.11954812092375,4.469421466362132,4.901913207545283,13.063319153600304
3.9231588497786336,1.3186551606495782,-3.773575405975959,5.488982896275763
4.294013761042571,18.056286241387433,-2.6204851975481533,5.795298344745774
-9.565995614700949,4.013977272151839,-0.8194612650766203,9.504432582318861
-1.5772282152854693,17.855235000935348,7.9179243841562075,7.968255503084005
4.058235968557992,16.642229643477137,6.518470034522334,7.272902188047252
6.437873841431713,5.5381729586167445,3.075246911209777,6.69538108144413
11.603616401701558,10.38435337267313,-3.458631078306782,12.326269123461744
4.8757864128076465,5.160875455522835,-11.55775849653604,11.461500057489493
-8.458196335108862,16.697912608221245,-4.960368986142729,10.045608841811976
12.013403501873626,0.1333448778118815,6.225216993730221,13.132119202903782
-1.1862250577316418,-0.10979668991710478,-11.099959226499417,10.876804630559317
13.290218260075923,14.974083300329237,-0.6182749684525561,12.488700331850742
0.42586712572584295,19.62085900081962,-11.928707783049575,11.067009899717432
11.426836405157822,4.485228265947858,4.670339308966067,12.958015942001879
1.1863146756864826,11.551125130369638,8.211725955366127,7.646145511542958
-9.388522418713523,7.242096294677789,0.5197740091314073,9.34086838092082
7.578730056769107,3.2370733019081106,-8.399873910793229,11.7505179653897
9.844039394492503,8.27323102139627,-7.037197267454236,11.969095527994307
-8.925182821904373,5.95568702221004,-0.8619355983624271,9.435397702345135
8.574603373288237,3.3611141827277895,-7.476715911078967,11.801822724723932
9.000641363077406,8.811730227595527,11.15991996047763,13.447786943385315
6.267105982357842,3.7148828120686623,-1.8319804468096106,5.923943909957507
3.8567162701085445,17.67204093315037,5.967822087974007,7.277754577759863
2.889267519906034,14.24075245014106,6.791354954806207,7.32633874095026
7.748737406338535,17.5113401911488,-9.091517912361716,11.788261495537943
-4.383939487524937,6.425361524365172,6.473151555578798,8.479388622468926
6.588041274346505,9.353132724243565,-1.0790583600448842,6.140814171349164
2.568383192238186,13.996830973749839,-6.04292123195127,5.07699807610618
-0.36361151829326027,8.475298675194303,-4.3567011441039085,4.722276129447347
1.0259234524106642,6.201154048373555,-5.177066641576918,4.903637358706899
2.08968980400158,15.945919975767001,7.67759650280556,7.572095716118843
-9.580485646963778,19.981598862272975,-4.904399932571249,9.890951978449733
-8.324453961823469,4.206619498770733,1.8879706076570766,9.116229058686441
2.35597858461912,4.8816374709829855,-4.858247363515612,5.3372486330815985
6.403419992364661,12.158108501686307,1.0706200397761862,6.468047363614897
-0.5963262152631752,10.936813751478649,-10.282849183742336,10.910520606307836
6.425578827438616,16.324543712854116,-10.171476758032638,11.557891005199787
5.571680979943114,20.673251416849624,12.594446959477452,13.795582535399866
9.250721085659482,2.9241175545512483,9.080414308657875,13.347756922441686
0.21122700070770062,19.59946353136486,-5.942610708314052,4.977699221997135
-2.244697032868447,8.123597915083758,8.058855016556878,8.14135091958551
11.57227559767315,11.725686813134768,6.364891434219536,13.036825482394995
0.6268303109563776,14.828289349102654,7.4277574981071135,7.716879085447447
-2.137396238748851,4.461030043150338,7.2711354026537585,8.107767563114308
-9.266326884602629,12.277152153248524,-0.5002789389458104,9.402009703631178
1.2792210730534292,12.53560021616914,8.349248994333728,7.749470828531881
3.211550153040009,4.633665798043908,13.034903392811657,13.893245593619284
11.515486277099098,15.405304343930993,-3.0198310107752584,12.251050185793211
-2.7799293013869795,10.382670171616907,8.395454978187454,8.16783056667674
6.590188355645368,2.0248830455119666,-10.072182472977888,11.596162506513183
0.9199975979083409,15.275402183157638,7.580697183158151,7.853441008554411
0.7443707587514059,4.288799947904154,7.027934139767609,7.690648313146584
-6.305184862482422,10.61696310175338,5.551293283274792,8.629980780036004
1.9219213728429336,15.273667319549922,7.739528093368031,7.696333178000677
12.404029767275034,5.339682511057215,-2.848615864869788,12.304077385869695
2.431477877480727,3.994396256049882,-4.657432773929893,5.110679567905429
0.7813461808519918,2.675042158856012,6.9121143446751026,7.7398285081692375
11.922143784065081,0.656449046709663,5.9418808359569795,13.073931533814205
-8.822560864131574,16.230002572870188,1.471129911246801,9.20210516718053
4.0926999017953545,0.2629031487339658,-10.892364740566663,11.334353372242315
-8.938843865715453,15.235567437673238,-3.2642634878829098,9.749437406874646
-6.012620165229338,20.778084885322343,-8.845920129594512,10.407829421234148
-2.54172229064603,11.679668978366957,7.883917344405436,8.154275807368268
5.8062119260479035,5.8172728404634,-0.5015993577832613,6.182101435399489
-7.425605123879669,4.060042333982372,4.48142560931274,8.88872621086867
-0.6133127410681221,20.368108025156644,-11.104550262919464,10.916641897151365
-0.6962428301550696,12.706827790825862,-11.178955401855987,10.919052968517981
6.746993545654411,7.823420548050116,0.6019186056832684,6.425574222214687
5.667114119696562,18.11928445279714,-2.0016527340359485,5.950735759661753
-7.839204585437063,15.44392610024942,-7.47181962499483,10.200925154795817
7.58116396440015,12.710712900946582,-8.786332905383388,11.725470089810795
-1.354045566503395,9.22838913511453,8.276625875864065,7.933000349950027
-2.796427999121269,0.08167585747689264,-10.180230587871623,10.716620392180287
0.12837788278010226,12.42651793570271,-4.014547166342831,4.747146599273934
0.6031081673862704,7.215012796672296,7.9958290121587945,7.69311601602998
-4.5958152810804584,3.0702765643100456,-10.298727443534773,10.624015534489313
1.668960895001352,19.05947631100758,-11.213194875141525,11.172419010446744
12.323098225216281,2.185897918154481,1.6196088728530689,12.729430610136989
1.6123166392032342,7.965065442731409,13.933412525044861,14.051723256875773
1.1864448636353484,13.897969748939445,-12.302977258410403,11.075302382642118
3.1036057011167086,17.390292488174364,-10.19967578632842,11.315808598825077
1.95349120702953,3.380379759017976,14.074736697517356,13.99712071257544
6.596705264994965,2.2497681259537847,-0.32650941053155597,6.349318353220947
1.5522393059347328,-0.0016278673035496904,-4.841648024205018,5.104195562603266
-5.0472578919220705,3.38929243857131,-8.976317739813924,10.511273106313233
-5.95437183858368,0.7004410272465506,4.463466342754143,8.856992179040523
5.971292130136979,8.872885993010376,-1.2299783548666094,5.957431338573758
-10.360615962613787,20.08436384346222,-0.9508035382937814,9.48136507156436
6.373778393292544,6.988205159956727,-0.4393631972629396,6.182864310080435
-9.401853902715938,7.660890056144719,2.6610604810205674,9.10332383674609
12.545835713838851,4.270277017886548,-1.251954577595266,12.45338010441382
-0.49536090106746616,8.175706161853963,7.478209251888112,7.960009493836333
-5.226974153001307,12.900729634499065,-8.440234885163392,10.451997333401733
3.19927074092481,10.901180477544903,-4.279288929942644,5.208295429227146
-7.025636397973467,2.883490010873323,3.613547409891106,8.943746709623552
-9.348450828221898,16.77310756740436,-2.066013746207088,9.742880922321627
-7.837792514811937,13.571825364468411,3.7064237205201365,8.920924430796266
6.321209737960409,12.745511512802796,2.542107957977295,6.731139814867018
3.138548003133438,18.803742778430717,13.02926619245089,13.891423734115463
4.354341952366191,5.876020697082749,-3.021681954707981,5.753721558195477
11.01831251358538,8.613541740805232,-7.251351974016952,11.933548437173782
3.653151433813501,13.740893239122334,13.43518806360459,13.901904530596706
-3.238502455959801,-0.28639614483602316,-10.423203250614728,10.739649478209703
5.742406291316264,18.687611417630663,-3.017964015982112,5.862028514910568
5.023164705036402,0.5232626929970245,-1.583282085804107,5.875637022561616
-5.4083190477893455,17.98958355461718,6.912994011485978,8.432100146883851
5.723393291514535,4.0076790386544605,-1.3523727404815367,6.279636301636873
-6.715072070011766,20.819631952449093,5.236795457553161,8.783534130779076
6.525544575735156,17.51797657714215,0.6746634899179862,6.468141180596869
-9.156305569396046,2.3036063844638788,-3.4371430615487486,9.772123387362187
2.536226858176976,9.681173600201458,7.381028055543927,7.480846909930325
-5.30383488104208,17.455744589927743,-8.898204352823038,10.367453849311175
0.3823761894176915,14.415641152145863,-3.674303044851838,4.806412375974926
4.504052258694735,7.1961166763060955,-10.577170910470672,11.463131871667837
3.529240354760921,5.383886183758224,5.621633258597669,7.31299728200639
4.236461390791285,19.54690224307689,-4.298269597105779,5.415387901839617
-2.86181768845274,5.549686381922631,-10.489447940373767,10.760455421607787
6.452668019292312,11.575146260662994,1.2435715739177982,6.523695696082755
5.6213615162427875,11.265701381931166,4.211553542685829,7.056784584486264
10.884026634878524,2.0696280619279857,7.954738743350975,13.282552751139301
2.5298711928798014,14.708540495748743,-4.89146471961392,5.270203445927798
-3.7060615583313825,21.01464867046346,-9.165675727218751,10.613042126092603
-9.107857095166173,18.36441203499597,-4.806382521675679,9.952015408687204
3.500408305000412,11.639714681245412,-4.614570195574917,5.284737274909582
4.042289501219343,4.255178076627856,-3.3986831833618947,5.591526513562297
11.460531458312772,16.335253916020616,-4.815764803911157,12.132501540470008
8.544742715022883,19.334724794653873,10.814040129678203,13.472099932311396
-7.806944891023871,10.869927786263913,-6.422258644592118,10.216821227340432
-6.138498328067056,17.7270454748442,6.5270292745630645,8.613983401828651
5.903319436896964,1.7912368569959605,-2.4609760650067667,5.938517056707831
-0.2961853969204984,20.412189782666065,13.693186895294954,14.132227617796765
10.322196334678432,5.931668698210833,9.276108848634724,13.303294528015561
-6.15718813005691,17.658925102480875,5.535706464801472,8.643085536255962
-0.6478925931923976,16.495603256749,7.610833369459916,7.931020395697387
0.6592812421811775,15.9449023065763,-4.944780348776125,4.960959857423966
4.864097143437215,0.2479737968306599,5.325736051532038,7.112155423491537
-6.921340634862151,1.3218860812528874,-7.208701097710619,10.348772457842335
-9.115881024183524,4.813790876430082,-5.134912918111402,9.895321569964686
3.0256436732687764,7.016456776387626,-10.617635792885993,11.33258875153821
-0.7189159134496941,14.204745269782729,-11.513334788360687,11.032160638141885
4.277671960853246,17.7484111453642,-9.985351306497995,11.419628936668136
11.34350587261601,13.004598443236489,4.958402590773831,12.902083733533972
2.3646867573619135,7.72691430791605,7.301012474822101,7.595037460347286
2.9502048006824593,16.51621350471756,6.782499426891977,7.35853121131977
4.495050075627793,14.543150833629756,-4.081022845552645,5.601436856413259
2.028939354754334,19.53851849837948,6.966851574710121,7.525658271418082
12.766726374840365,1.7477428497785283,1.6647892228865735,12.72392447421937
7.766620148285282,20.80033037773998,11.250545956481531,13.578621631490568
2.6633174022517143,6.704469922039562,-11.604703770614108,11.269059994500413
0.8228290518902328,11.800537519724166,8.269366031110474,7.765795156121451
-7.673716932177009,14.657609719244467,5.024357989146431,8.778404315327535
4.904089157302499,4.843741224476602,-1.986137055333538,5.970654210436019
-2.224651079759042,1.9860121370786719,-10.20890324043963,10.7972901453271
0.8342481562222133,9.053679792129131,-4.519440621299431,4.956733895073703
-10.206577437276493,12.32170689081612,-2.6881100382681047,9.744245393154099
5.473919720382995,19.998219993039513,-1.8315947306161917,6.020490123375693
11.332408296920947,20.521786315435826,8.440465756213026,13.222260700930107
6.123699690508932,16.87898548322811,13.229956261465668,13.758314126018087
4.497666285989728,2.126028995139053,-2.0481167115884773,5.995954052433488
1.1401877886616036,17.44071992251129,7.6139735005763125,7.691084098072091
12.798313086795632,0.4314936414870716,2.371392565855481,12.735932591104046
-8.78455589807705,7.873654644655975,-3.592889618354234,9.761433277754254
3.7389891495143437,13.517652327781637,5.548656846179808,7.22920271527194
5.4668913054885735,10.512503512430179,-2.4941866871664824,5.734205110901805
2.721731302055495,2.691082791889756,-4.0582565907987425,5.382360549583108
7.081410208100243,1.1692866718532842,-9.531626315018832,11.679877955194563
7.639188286682383,18.971865014257425,-9.060078996840115,11.648399958734544
-5.09606280279564,12.40842665218552,6.935831979126896,8.554459781951273
7.6105837762226045,9.663187191550024,10.138524030832226,13.459216823983356
6.174692018570494,15.33481445930035,0.657181334017648,6.28242562679393
6.149828612342596,14.64012653684174,2.7297688879851365,6.706336111242673
-8.521891977512626,1.4978257712276002,-4.872008452312547,9.908836921741967
13.157867553331306,3.7612520083922116,-0.3717973419525906,12.54780294442402
-8.152134229192963,3.3085904758873776,3.7786218411643415,8.972202795078518
4.247450648370959,18.876134534605505,-4.255386982807932,5.577787893934614
6.1003889341810815,10.32121628434428,-0.5570401966995849,6.200438030533605
4.8212266598890166,15.35452929714748,3.347447556844829,6.8887348355508475
-7.031582850667688,20.027743496485577,-7.339155124986274,10.161462162813775
8.072192526509745,14.00795082963576,-7.679804640213191,11.894231802509655
-7.953954357862661,8.053858174477039,-3.302546563643707,9.777333121069582
5.897479588484354,4.335687511211397,-1.3136849681490266,6.157700079866337
0.787139381114307,16.59309595453761,-11.574251593666988,11.100635857209378
6.000330690803597,4.348535609652982,-9.792271936289865,11.488585309316427
5.222863797522575,0.77520913360416,-2.8625147583967103,5.84284225653385
-8.413969920288064,1.658741983993071,-4.980103095559878,9.95501344567754
5.266395375649749,0.19306227279471522,4.22162897312723,6.913896733395324
-6.78569302208364,21.480932012010037,-6.370565639760679,10.250261679084721
2.8336936711296805,1.0628960008827197,13.427541029234193,13.959157311076451
-7.757538467026203,3.6422653920828463,3.7975254199232746,8.966242446291607
-9.452670512635052,7.057404236572273,-0.5845780255001385,9.35697136619666
-1.2905886518740268,8.309700812742065,8.42004273792335,8.04995412028179
5.741641948803721,0.12031710407564367,-1.1118033198666386,6.072771589804474
-8.90722332101953,3.3251748058622987,-4.525985213296051,9.917423646313726
6.077252936567597,5.979170785614769,-1.4132520905918091,5.976456905088145
2.7534361845296313,3.6111835865287345,-4.107162167002652,5.457652491748326
11.265162283664427,19.580461534646236,6.155287882330024,13.049887048907326
2.4011064541159257,13.2753937879494,6.137151700575351,7.487166613807471
4.494828882860688,12.710706132041803,-2.7756798532740783,5.750631131995716
-7.419346223319547,18.4646094618353,5.111003267738955,8.84910213066431
7.251572849888452,7.524849652268998,10.285614115767821,13.524533289185271
-0.5842062061491092,0.3954155582173635,8.18272579348496,7.9010782579206795
-6.587825044710002,4.580510729900949,4.773812764835648,8.851781509682308
0.18009527520810997,19.060168992323653,-11.010665197032779,11.065486520750591
-8.738076409757534,18.62320347218741,-2.3432840936922816,9.711987980624412
-0.11347161898776298,3.88213056512062,14.981862044908821,14.117169667941948
8.825519309117698,18.015063962036706,-8.282956370916411,11.81281668824162
-0.034014596553064186,10.804941342159017,-11.126204558092128,11.014421873730212
7.943837254778587,8.200295176625513,10.05613839279576,13.48819072058956
10.954128353061417,20.354737025972035,7.524180907825283,13.166913961164063
4.0401839995069455,16.70242649748878,5.880631707847928,7.330643572498968
7.077330842621598,14.496840295094723,-8.826686842338598,11.743897262574084
2.2645310296438743,15.708389938654749,7.581261322996558,7.55658472182292
2.092190133705619,4.228629762178887,-4.829649959168859,5.21519555827498
-8.097693147425467,5.356474413898412,0.6555106677521283,9.306803241987241
6.823351130523304,4.387887903735368,11.59665141970574,13.535371618892102
-2.774846780559789,3.2036284901453405,-10.43690147834481,10.642819294502655
-2.542271177026863,18.03058316491685,-10.257915894649674,10.714498497204428
-5.564825624199542,5.122288702659325,6.395499136180709,8.473478353801967
-5.58536041521172,9.710470795230348,7.418782048669293,8.513124651096117
5.358293479088301,6.553653263473277,-0.3790326467411482,6.084266610129622
6.383201115960965,14.656007181259067,12.722552863463974,13.675399106625594
3.899937518855165,3.407216091865329,-4.13869031986488,5.493983299725231
1.5489469812685408,18.910895918035735,8.234472244519392,7.7926191226580235
-7.830916332962992,12.036905922441463,3.9213857165361983,8.957310569541336
12.53753870510306,2.8022310983305445,-0.05223106654239297,12.568474930422795
1.038153398124407,3.6897674266278186,7.630766430253392,7.653889337597657
3.9315555876182975,12.367863998170815,-3.154865956345053,5.5637620505952015
9.74955074749438,8.774377849031316,8.15346922482637,13.315185438217359
-0.7855857303810247,1.3865381722259018,7.749962505716515,7.963304701574516
-8.752382796123781,19.066041479205648,2.8698351557498443,9.137899562031178
-7.446674604519356,11.356677564760249,4.503692488537394,8.861666347052887
4.309016756494639,12.300155869598447,12.991185607250511,13.774479447742351
-5.5116560327096575,4.867746327340345,6.106160748392871,8.645682613356774
8.618100489961318,15.096022093276366,11.26753757050284,13.446361366021202
-8.021043453238818,4.222933416023857,-5.795156774294534,10.031245895357426
11.713382495351091,20.23807516305341,-1.1365130281989486,12.446699974266542
6.677453063853583,19.44242123971058,3.707267594175551,6.816201303104799
-9.287431691224437,20.76595148066442,-1.7481839915136799,9.604916128501493
-8.97981061414263,18.781887369329276,1.1401808414731676,9.370039240965768
0.11765442304396234,15.957702712410955,7.433253846044886,7.822667916617796
-6.805375149177941,4.732969486321627,5.749330268136914,8.7121770647476
12.167339403997737,10.26295423215661,-1.0246670558289437,12.449686304047411
12.409034347259276,17.252800017471824,2.229815523921203,12.75590613352047
5.933971578696443,15.295972482499025,5.387722756795698,7.036212268517325
3.081509491840201,11.666603499412963,6.751432474508337,7.434454548930089
5.764693136125317,20.72140222646488,2.9160638421620884,6.770568773435842
12.477296673144597,14.497364663003326,0.7860807339583151,12.588823216643169
6.1749787130728935,17.341006728954987,-10.54754624042704,11.486229103025579
0.28962331379736084,1.2049694434461302,-11.016638434790773,10.98230455538596
12.804378922374013,7.254435732529453,1.6554323239245239,12.674555196234653
-2.5494188212178486,17.40748981836728,-9.249444329735919,10.729439581028556
-2.5267166308262032,8.996214347918922,-11.220105240344637,10.809045104315047
2.469754516130043,6.034352603467835,-5.106635298604717,5.16065545887447
3.961397373400017,16.101197423898988,-4.047593268324681,5.426255778828786
1.7826098362521234,-0.019068271895344546,-10.829096054056564,11.111587152128852
6.336946772868152,11.111061443272565,-1.0745921907126275,6.056504644777428
12.585690455876815,13.715454311925384,1.6047815742096605,12.712820550224093
0.42808560655422223,0.3235231007737624,-5.201152432373717,4.809569764402321
-7.699850717088001,11.216391361469329,5.434426984147902,8.851779557866612
-1.0460889622802398,8.283478724458035,7.21002366463081,8.05526538070506
5.638597305461859,10.78085930075366,2.7450316583333243,6.638892212032746
-8.852466350560068,6.387810510176263,2.064373206535999,9.15377250080868
-1.9623748957266658,16.349806829309962,8.479092375184226,8.00482433065453
0.8290633541153829,3.1905478314686873,7.194299116297647,7.667077464121211
9.143715406158918,16.688782331117032,-8.261298277701297,11.86323267958028
0.6472891844399046,20.14341777308165,-4.657068107024212,4.83381666088795
3.907272511950874,14.838356480308374,-4.52084276782397,5.338713593721487
1.321301686139271,8.913044804120569,-4.747231630394318,4.845950824244834
5.14228782555891,7.7046770837857235,-2.5186408709609314,5.888389262045943
3.7273817189871976,1.8204068595402068,13.491032285188037,13.84987392832644
4.120552045983661,19.168761520004697,13.267929155288993,13.868783471532193
-8.183807304876124,13.030476359538893,3.0483662728711383,9.10493745018523
9.198362023850901,16.428060950282546,8.853195122906715,13.274150742130333
6.832215058886243,16.860265709898517,1.7214142026966925,6.599475058936389
13.247777152932555,12.761448667344085,3.523748009217433,12.878713696975993
5.055983404356417,16.354167748317533,5.338314605925359,7.158772862490906
7.011572646551556,14.921522246448246,-9.8579350974908,11.651867483652968
-2.7290806361426005,8.640676025694102,8.253086106545501,8.205159960819106
5.788311976031846,-0.48075590905706045,-1.7146441542765625,5.997021108581402
1.9351473106636345,4.453527540802887,7.053927622685869,7.494525783009451
0.8488072815456212,17.013066834228876,14.60752771705877,14.076066982801924
1.623306923429635,2.5071147590406957,13.522930756646726,14.063237993006394
1.4958933707758222,6.420104414556469,13.942979164410799,14.051592673707281
4.673025490830071,2.030622145973857,4.983866316789054,7.15844222037514
3.7318743935563656,8.993264172983732,-10.544751162976771,11.267685440454278
-4.466094717876915,13.691242486833794,6.8668241091457425,8.427428765527525
-8.477841078443785,9.680946007713864,-2.1914586209751867,9.726480797415919
6.62500319854325,6.785741607932637,11.940566997947064,13.568641277505453
8.562277925198439,18.958699084772373,-8.246060396844623,11.820733594575755
-8.482721217644597,18.394130131516498,-0.014082152833489348,9.337738866332796
-5.0717713040873,17.833280852112185,-7.862144536915368,10.360780105675527
-1.7281501430863317,14.420647389387812,-10.580445213405477,10.800882783657912
6.068059781901719,8.898999051851673,-0.3790130017354254,6.1512148488451
2.9944974692822495,6.163932786062877,-10.721191567315376,11.282590657082658
0.800671776689925,19.78071940077274,13.29536221675992,14.123314202418552
1.6449662719850064,15.567861721761945,13.829885804052374,14.066251379115116
5.089358807463652,14.13743000247652,-2.205432351450105,5.787703248806715
-8.847842426616491,6.074287687272976,1.8178081178507606,9.132668088397404
11.5692179474628,9.751167362865043,1.701557624283223,12.623409129320143
4.889691985172889,2.036859928677055,-11.214856667039623,11.385845098374412
-5.256116559082517,1.1876106546014407,6.197389024312844,8.413511619682133
9.03277809830477,20.786243613170946,-8.561263465473548,11.826275401268846
2.001175901862022,5.314588542476358,-3.0761950807194474,5.551824231083176
-10.983452279779252,1.9939101669262986,-2.6187578115506436,9.626610528777816
6.8243242715743735,8.944559877845922,-0.319315257175527,6.256951832844233
5.647249285550474,18.224856369760587,-0.9865524697682932,6.091570458544975
12.25810485443593,6.595591405335443,3.445626560250734,12.81187847899247
-9.512594405298744,7.920092059730055,-3.6901126266560915,9.761000730346996
9.699463893120623,6.174155191274886,-5.666954580040377,12.089277545377628
2.3561244134069668,18.34153181090462,-3.7004126653286487,5.1805796081083075
-7.758225039381483,18.294825307320156,4.812326775352784,8.8230699374245
11.937458454677609,14.092963566018293,-3.2008684438118853,12.373999094357112
4.326958301074032,4.127304493629006,-2.8313934900603517,5.645969613984753
5.318838483610376,7.148326322273843,3.3331886999586304,6.960548353609127
-4.228435077854841,20.057981887976347,6.31915627700245,8.500263629560362
-3.963423197271572,6.209530270592299,6.718769834869311,8.463250220431574
11.889222164771304,10.530342626322186,-2.9380607707158584,12.271083767823786
5.524494643660433,12.430839795891337,12.82648290419135,13.790433250173301
6.454912697295158,12.731836293324772,-10.250075445550644,11.593212036151945
-1.77101256197603,13.189547035764642,7.771181192844078,8.001244725628464
1.1981080157140556,18.72171357155899,-4.573936928936387,4.939521813645396
5.322495045049554,4.2851433955785225,5.502472161727624,7.103244231264046
2.856978009104142,2.8406432589149073,-4.31240148861698,5.315892989225164
5.685098143884164,17.853900843386416,-2.1464720197993388,5.912562490278018
1.826000329214549,10.652874836587602,13.20825288645669,13.983662558861166
-9.341807691874887,14.724867094895437,0.43035439184628965,9.393263918269927
12.27914766157393,11.590412822940012,-1.755107975064746,12.417646865375781
-7.731738570077501,2.2954356888597047,-6.723601054549901,10.059246896422879
3.1508737845888763,12.047852487232849,-3.6383724750169666,5.578335218222859
4.025305467956913,19.482081753121026,-3.5312075855653946,5.54470332731343
3.3599312467544915,1.124812888095063,-10.896689734895324,11.284634799244323
1.5807616592891018,5.5479131018365315,-4.001012563786389,4.976777070172095
9.63106285887161,18.79551729634297,9.014968026555245,13.301636434970726
-5.986827602984478,7.6399579170958125,5.746568477895718,8.69451423643548
-6.97124157809227,6.028884846118861,5.276535249284897,8.768725807849581
-3.061719749172494,4.879593229662678,-9.656636908521726,10.626220913167556
3.8394654052512593,18.630023656636155,6.919381662055945,7.428832213391015
-9.511260374914926,3.9651805713308135,0.5092260550143981,9.34417685803357
5.6274397988909595,20.11192419869599,-1.1662722583141343,5.993857423758508
6.951430433337303,14.547426636296587,11.60742058833508,13.568325786337383
3.3402251575276765,-0.6382416023740848,-5.023157042434613,5.307308527247531
-9.216882385680744,16.976095666292682,1.2885948659974382,9.315246450280018
6.021765342134536,8.174614789682979,-10.347917121794802,11.466293750731776
-4.4524223547811195,8.195410975715623,8.179069572068268,8.393187600421024
4.754197265833075,19.558261070581647,5.561567759979697,7.19203981637218
5.84490964884858,2.1402881619641896,3.824711633002467,6.758020165092059
1.7531089882426436,11.462870731070058,7.44085272069547,7.609579537532606
-7.475762780565403,14.029773529467791,-5.278809019707461,9.96774209140338
-3.980679652758419,16.607847718889577,-9.867754694285017,10.563288244237564
-2.6094470637757237,11.557222033573908,7.752338781647279,8.201375439907796
4.688589727309663,2.379389129330481,-1.5603897244369693,6.017935202495801
11.634011579568025,14.348241328154435,-4.781258648071534,12.168873289212987
3.8608937466730895,13.529349125712011,-4.62181042313395,5.465210023996566
0.39709760302890473,7.3922458855829145,-10.918127417467774,11.046705024615157
-6.4247107177202505,4.371419934609245,5.44916489767093,8.598242533406992
0.6440164642479647,14.040692479172158,-4.03962811117685,4.78075796147605
11.128942108191081,16.216701285905454,3.451464070279826,12.88735305771229
-7.340241874819094,8.716845355748541,3.474461637374307,9.112146890830473
2.9335529552025923,6.684919519850466,-11.436496933908874,11.311863996022971
10.45718875613595,4.2656873243111795,5.724852200577956,12.97200970193131
13.620243913225904,2.25278389381625,0.41075413660847093,12.576590951985278
1.264611607877752,16.9583798477764,-11.105333814012852,11.178233626958798
2.95137931003038,7.322215181333079,-3.7663211968277035,5.21579803439269
6.392073140520613,15.048824902739174,0.06179533253045058,6.330582629882099
7.7406475159572565,4.269656544262428,11.18021194082747,13.533557751698329
2.4035083281336886,11.097090640695269,6.882840063807333,7.45299074817423
6.032257401651598,0.8365266570020196,-8.95445594244816,11.571451404266593
5.229071061066489,2.027734405175198,0.061880902535355775,6.31863842865559
5.722006106274068,9.07257193667941,0.08537097601286572,6.321923799168732
-4.785473968654621,13.087839267269027,7.245584834653438,8.436019066561757
2.957140870747967,10.844334786624952,6.74340855770374,7.382115769399563
6.251062601899997,10.67451497353566,-0.5403003281069303,6.22232164107508
6.385441083263728,20.721299465761952,-0.08871333059182865,6.231745382715269
3.2207350121062,5.087247690965834,-3.560896817999571,5.3423572278724665
5.10937002648871,0.2007783887042937,5.604508396227735,7.17765368812373
-0.7227479290639599,13.133545505362516,-10.787779194490767,10.849666045334537
-9.085879939635157,14.970111405187563,2.035554674127783,9.161825042189925
0.5428372653384088,2.9581014397460947,-11.620862329191484,11.02601928530219
-2.1819755333014443,6.6148893466802345,8.478232036838788,8.013526039336108
-3.65523942448307,17.55953759406915,7.499157172967792,8.303816397153783
8.454777582151253,9.253175419371798,10.649008113305324,13.427149005769557
-9.061936968434651,4.291093903485506,1.579645446322664,9.199187653679786
-6.056087610699852,13.849536383051944,-8.605294827100316,10.398014185784767
2.308272492876216,18.115889947923268,-4.795893707936783,5.185795955693918
-4.6999101653420645,20.271551193031833,-8.92345101157432,10.545792524589366
0.9892065689613612,17.30036915598508,7.188012486263567,7.761132587777933
12.687001316326816,6.576182237262344,1.0862852724095864,12.66112365958035
-4.539798907660295,16.35173212667832,7.497191037886643,8.392078854323419
10.032480076700955,17.701661272090824,-7.316229251475987,11.896732611680887
2.3840173292485183,17.56026083151194,7.2024706516951795,7.503045442502599
7.116282633840783,10.96495200233673,-8.252407764955958,11.729652310927916
-8.025357933519585,3.755378229982007,-4.591590373790961,9.924980312055297
3.821548315208016,20.99300947409651,-4.494677264380829,5.5275070171537
4.921396855846466,11.372873456105863,5.1417146652509516,7.032542040440091
0.022817588641714792,14.102388040112388,-10.97529469670014,10.948828497640475
-9.28895541937453,8.50506005907872,-4.581175069664148,9.87229092659996
3.301545166947845,20.24774818423556,-10.80953446998945,11.23823635857191
-6.671332953929549,11.05610640143303,5.331998591816746,8.8509951979097
8.791852676341094,11.77318961706067,10.233900279029458,13.384068664950366
11.024893669504824,15.214642270711568,6.16871949832462,13.099681020898856
5.295581390073546,12.715064612443701,-2.0443913949961052,5.8818873616075695
-8.457607111267112,7.983072368300474,3.800164631252747,8.941305704794628
-1.1268546343237011,17.990193801742357,8.024854511527804,8.046223451359225
11.610623663359103,0.9643063385769478,6.593639150870533,12.972231362826562
-7.086637415731781,11.237513517791946,-6.165349013210686,10.049706595274689
3.7746513739191205,17.459845645314243,5.588009408503306,7.204508589884398
11.632741408427606,1.4817736252423441,-3.0363304499375396,12.30824546189088
-6.906529745612152,9.28966893293583,-6.905308376568354,10.227213136573697
-4.707575401567061,16.264198035560856,-9.405719177929567,10.493444345464255
5.479345208401873,10.465177439244803,1.7629106334047067,6.493167160534021
-8.260388299091803,13.580596317578978,4.726554766393098,8.855630356184571
-7.704746651911504,9.629116158701748,4.807329306224298,8.949685333477424
10.851118166698805,19.25830402460813,8.026685932675274,13.146348069185358
-7.200177972521188,1.6641893026096581,5.425078176587967,8.74855147956851
-6.234308146716156,5.796962730582414,5.800982412520798,8.69640833184786
2.449492664477721,17.524301782583855,-4.092446904868885,5.276415630000656
2.86606069118329,7.424482688376639,7.568237918624892,7.422061705902338
5.896330633391633,4.654482525583481,-0.7671923791968018,6.0921483651318376
2.5806542029268553,4.901688932606362,-11.31215184519654,11.2669016679151
8.236574894239448,0.935929283127753,-7.429124704154705,11.814131290599736
-9.52951485604663,20.82953887236098,-0.004547672207140585,9.345450680536574
11.655685588017679,10.099614611816778,-2.3681219959929183,12.332909454808824
3.323642382369896,12.87891468668473,6.050962316412082,7.289808835303536
2.813983260632597,2.312056743745275,-4.634492487379627,5.259917161354788
-4.722116350050662,6.302362276187945,7.442643635192711,8.603967141685704
0.14715172909466168,9.57518165125582,7.555246839676707,7.898097158879914
-9.070373710606429,11.924916148743073,3.75590995621333,8.993280952945694
-0.09197563616801024,11.15496801081895,8.50174419122437,7.927660742266716
-6.914343124351877,18.522837312459,-7.648408717593874,10.202883356520093
4.524806553271169,17.19124473462182,5.540136061027942,7.1651601945312375
5.810505949496427,2.2794737839778074,3.852625285109349,6.89881089896236
-3.693003116250909,6.816812474705785,7.93368816285953,8.225598571561946
-0.6221097381482859,20.094203481013817,8.067837354026054,7.911992960570615
-2.705670666088677,12.861321439702856,-9.822794611398445,10.792938618719212
-9.443442136384393,7.473600629305069,-4.513090153487411,9.855457984791357
-5.615455519333907,18.183323043800467,-10.104639623559589,10.478889021857876
3.598653697248352,11.388451126766224,6.285102669840711,7.345080867189346
8.654037799171123,3.731097692217934,-8.796227945837124,11.810806125368403
-9.855061856131947,11.091222498065505,0.14757062231789575,9.464880507660839
0.49319180411068453,5.353907243944714,7.79329487414402,7.866853962085518
3.326886367335624,3.8559001049243284,5.947580943221067,7.260382838996618
3.640470667578632,13.364621149999314,-3.024750752604561,5.689854823605653
5.071769315214526,2.7692052179612223,12.539294492272761,13.680511210699537
-1.2266083851647978,4.628133219228912,7.871652216066945,8.005464070585868
-9.886421775262914,13.379261075954318,0.3687433786299563,9.50298702339585
4.741425394291587,12.013129051971802,5.173611100334357,7.099409253413746
1.5447214665320514,7.781113069341247,7.875979615506338,7.7053681531812686
-0.9207721978618617,5.401284054057111,-11.102633527413229,10.914940104384305
-9.380667328840904,8.492798171931412,-3.239973473048481,9.720043681477192
6.108114419271633,20.765958657364006,-10.048852255660282,11.585743747531554
3.8146852696331006,20.353946183248095,12.33496218430713,13.821200008283032
9.053692417716192,14.356925052040948,-9.22243687635757,11.728967692299177
6.741299982586745,4.96927148306622,11.927615881793102,13.604966611156394
4.873391256729276,13.593843307990308,12.36915567722457,13.817645468787195
0.7472838371371239,19.058388927784428,7.533558059594301,7.74287578710867
8.90463262451972,18.842562822428885,-7.285595178460603,11.875623590201068
0.37597311437790976,21.44366228379736,-10.264227284536416,11.062315434743232
12.01012206387964,17.91805211998547,1.906161495649111,12.678313806394213
-6.0043622763182585,18.08602441153687,-7.978487932236818,10.38378224005065
6.102479410382081,7.758589283071194,-9.915991666167614,11.557050541849078
7.963127519392462,1.016734253502338,-9.045582849492995,11.704280461776365
-2.5722631666292286,0.7219380768623409,7.2041939110270965,8.203764053926061
14.243999423575984,9.467792770979294,2.5223340808746757,12.714489387227447
0.7591589324605862,2.015951786882977,-4.184011005348206,4.970032828895348
7.49185911437724,4.861531918291425,-8.362379548785773,11.749993471293624
10.025865961069913,2.7335361626794725,-6.078556440611095,12.065965759688337
12.968407705971766,14.028581465345201,0.8341586378859244,12.620061994360196
-4.478835690333109,8.855198017022227,-10.087052320232011,10.5913520006364
2.2810205386844222,9.246793880295389,14.050479625671942,13.933243367259273
-1.6592477505198961,0.7231034465552796,-10.481855459018131,10.863964428407842
1.5189497379604042,6.84868411057301,-10.926731438140505,11.102133999208357
2.5202514470286186,7.907142308465091,6.4467773390511365,7.407591044493925
4.679417689458669,12.997968658697467,13.735355384681785,13.81721241332794
6.094947614396729,7.718211103467846,-1.7361997554130586,6.049658933555369
0.1213546018079863,5.605304052879498,14.244922781743131,14.068804868487431
3.078449406442271,13.64668720165561,13.288034016023108,13.940907938291945
-5.88273575549765,9.302977672621966,6.07611904006413,8.649564123245177
-9.180852491469187,5.25417716816442,1.7791688750330685,9.240350002540517
-8.739818506956539,9.63140679783875,-3.5994422755845012,9.808746872793126
-8.021373481361158,16.145786348337094,3.092273831260782,9.07806661504022
11.013056325576706,8.117110458344156,6.847359256225437,13.137347089729156
6.6397968548014,7.289887498076339,-0.17165255708307223,6.267829024047078
4.87399570583237,9.477174524557416,-2.349854823974908,5.776478563010679
5.773738922373526,0.14179406457561156,-2.818075303548019,5.765784107780883
-9.137810823892671,18.947277575768613,-3.3103296889577103,9.829181332651551
5.1139968925611115,8.147059084061636,-2.2623703890606173,5.944096339028738
-4.1230395179611925,11.348012138211958,7.30195237897736,8.378445172622184
8.669768081958885,6.305142995454805,11.714945689167452,13.508004588584228
-9.60532947314143,0.9746550107423171,-0.7174397217458244,9.475222911104558
-3.5530425210184435,17.74902676676526,-10.09910981795735,10.669427392732716
-3.764913844050692,5.303161256040834,7.613626317498781,8.332711370666596
-9.06518437904266,16.436707212387713,-5.175147907228354,9.895057582077309
3.9563846569242553,11.590038148916872,13.986511947517878,13.84891798329397
1.191714235926488,8.564185960802632,13.86527305812165,14.068295530747875
-4.9590603957290735,6.9256887697977945,-8.40587389549933,10.441050685570403
-2.862750918025547,19.553244977411843,6.708564952566073,8.256555182393063
4.590189159235827,5.511709326875366,-4.066437640441417,5.576835800828495
